Ordering,Tiff,Score,KP,LW,SJ,check
1,20190710mouse1_OD_L_2_0_0000353_Structure_0001 RR 49.TIFF,0,0,0,0,x
2,20190710mouse1_OD_L_2_0_0000390_Structure_0001 rr56.TIFF,0,0,0,0,x
3,20190710mouse1_OS_L_2_0_0000343_Structure_0001 LR 49.TIFF,0,0,0,0,x
4,20190710mouse1_OS_L_2_0_0000400_Structure_0001lr56.TIFF,0,0,0,0,x
5,20190710mouse2_OD_L_2_0_0000354_Structure_0001 RR49.TIFF,0,0,0,0,x
6,20190710mouse2_OD_L_2_0_0000388_Structure_0001 RR56.TIFF,0,0,0,0,x
7,20190710mouse2_OS_L_2_0_0000364_Structure_0001 LR49.TIFF,0,0,0,0,x
8,20190710mouse2_OS_L_2_0_0000378_Structure_0001 LR56.TIFF,0,0,0,0,x
9,20190710mouse3_OD_L_2_0_0000315_Structure_0001 RR49.TIFF,0,0,0,0,x
10,20190710mouse3_OD_L_2_0_0000410_Structure_0001 RR56.TIFF,0,0,0,0,x
11,20190710mouse3_OS_L_2_0_0000303_Structure_0001 LR 49.TIFF,0,0,0,0,x
12,20190710mouse3_OS_L_2_0_0000420_Structure_0001 LR 56.TIFF,0,0,0,0,x
13,20190919mouse6_OD_L_2_0_0000016_Structure_0001 RR2.TIFF,NA,NA,NA,NA,x
14,20190920mouse2_OD_L_2_0_0000036_Structure_0001 RR 55.TIFF,0,0,0,0,x
15,20190920mouse4_OD_L_2_0_0000026_Structure_0001 RR 55.TIFF,0,0,0,0,x
16,20190920mouse5_OD_L_2_0_0000036_Structure_0001 RR 55.TIFF,0,0,0,0,x
17,20190925mouse11_OD_L_2_0_0000006_Structure_0001 RR 1.TIFF,0,0,0,0,x
18,20190925mouse11_OD_L_2_0_0000026_Structure_0001 RR 55.TIFF,0,0,0,0.5,x
19,20190925mouse4_OD_L_2_0_0000036_Structure_0001 rr35.TIFF,0,0,0,0.5,x
20,20190925mouse8_OD_L_2_0_0000036_Structure_0001 rr35.TIFF,0,0,0,0,x
233,20200421mouse22_OD_L_2_0_0000156_Structure_0001 RR54.TIFF,0.5,0.5,0.5,0,0
22,20200225mouse1_OD_L_2_0_0000016_Structure_0001 rr 0.TIFF,0,0,0,0,x
23,20200225mouse1_OD_L_2_0_0000026_Structure_0001 rr 10h.TIFF,0,0,0,0,x
24,20200225mouse10_OD_L_2_0_0000006_Structure_0001 rr 0.TIFF,0,0,0,0,x
25,20200225mouse10_OD_L_2_0_0000036_Structure_0001 rr 10h.TIFF,0,0,0,0,x
26,20200225mouse10_OD_L_2_0_0000056_Structure_0001 rr 1.TIFF,0,0,0,0,x
27,20200225mouse10_OD_L_2_0_0000066_Structure_0001 rr2.TIFF,0,0,0,0,x
28,20200225mouse2_OD_L_2_0_0000006_Structure_0001 rr 0.TIFF,0,0,0,0,x
234,20200421mouse4_OD_L_2_0_0000076_Structure_0001 rr28.TIFF,0.5,0.5,0.5,0,0
30,20200225mouse3_OD_L_2_0_0000016_Structure_0001 rr 0.TIFF,0,0,0,0,x
31,20200225mouse4_OD_L_2_0_0000006_Structure_0001 rr 0.TIFF,0,0,0,0,x
32,20200225mouse5_OD_L_2_0_0000016_Structure_0001 rr0.TIFF,0,0,0,0,x
33,20200225mouse6_OD_L_2_0_0000006_Structure_0001 rr 0.TIFF,0,0,0,0,x
34,20200225mouse7_OD_L_2_0_0000016_Structure_0001 rr 0.TIFF,0,0,0,0,x
35,20200225mouse8_OD_L_2_0_0000006_Structure_0001 rr 0.TIFF,0,0,0,0,x
36,20200225mouse8_OD_L_2_0_0000032_Structure_0001 rr 10h.TIFF,0,0,0,2,x
37,20200225mouse8_OD_L_2_0_0000056_Structure_0001 rr 1.TIFF,0,0,0,0,x
38,20200225mouse9_OD_L_2_0_0000016_Structure_0001 rr 0.TIFF,0,0,0,0,x
39,20200226mouse11_OD_L_2_0_0000006_Structure_0001 rr 0.TIFF,0,0,0,0,x
40,20200226mouse12_OD_L_2_0_0000016_Structure_0001 rr 0.TIFF,0,0,0,0,x
41,20200226mouse13_OD_L_2_0_0000006_Structure_0001 rr 0.TIFF,0,0,0,0,x
42,20200226mouse14_OD_L_2_0_0000016_Structure_0001 rr 0.TIFF,0,0,0,0,x
43,20200226mouse15_OD_L_2_0_0000006_Structure_0001 rr 0.TIFF,0,0,0,0,x
44,20200226mouse16_OD_L_2_0_0000016_Structure_0001 rr 0.TIFF,0,0,0,0,x
45,20200226mouse17_OD_L_2_0_0000006_Structure_0001 rr 0.TIFF,0,0,0,0,x
46,20200226mouse19_OD_L_2_0_0000006_Structure_0001 rr 0.TIFF,0,0,0,0,x
47,20200421mouse1_OD_L_2_0_0000006_Structure_0001 RR1.TIFF,0,0,0,0,x
48,20200421mouse1_OD_L_2_0_0000026_Structure_0001 RR14.TIFF,0,0,0,0,x
49,20200421mouse1_OD_L_2_0_0000050_Structure_0001 RR21.TIFF,0,0,0,0,x
50,20200421mouse1_OD_L_2_0_0000070_Structure_0001 rr28.TIFF,0,0,0,0,x
51,20200421mouse1_OD_L_2_0_0000100_Structure_0001 RR35.TIFF,0,0,0,0,x
52,20200421mouse1_OD_L_2_0_0000110_Structure_0001 RR42.TIFF,0,0,0,0,x
53,20200421mouse1_OD_L_2_0_0000130_Structure_0001 RR49.TIFF,0,0,0,0,x
54,20200421mouse1_OD_L_2_0_0000150_Structure_0001 RR54.TIFF,0,0,0,0,x
55,20200421mouse10_OD_L_2_0_0000146_Structure_0001 RR54.TIFF,0,0,0,0,x
56,20200421mouse13_OD_L_2_0_0000006_Structure_0001 RR1.TIFF,0,0,0,0,x
57,20200421mouse14_OD_L_2_0_0000016_Structure_0001 RR1.TIFF,0,0,0,0,x
58,20200421mouse14_OD_L_2_0_0000026_Structure_0001 RR14.TIFF,0,0,0,0,x
59,20200421mouse14_OD_L_2_0_0000056_Structure_0001 RR21.TIFF,0,0,0,0,x
60,20200421mouse14_OD_L_2_0_0000076_Structure_0001 rr28.TIFF,0,0,0,0,x
61,20200421mouse14_OD_L_2_0_0000096_Structure_0001 RR35.TIFF,0,0,0,0,x
62,20200421mouse14_OD_L_2_0_0000106_Structure_0001 RR42.TIFF,0,0,0,0,x
63,20200421mouse14_OD_L_2_0_0000126_Structure_0001 RR49.TIFF,0,0,0,0,x
64,20200421mouse14_OD_L_2_0_0000146_Structure_0001 RR54.TIFF,0,0,0,0,x
65,20200421mouse15_OD_L_2_0_0000006_Structure_0001 RR1.TIFF,0,0,0,0,x
66,20200421mouse15_OD_L_2_0_0000036_Structure_0001 RR14.TIFF,0,0,0,0,x
67,20200421mouse15_OD_L_2_0_0000046_Structure_0001 RR21.TIFF,0,0,0,0,x
68,20200421mouse15_OD_L_2_0_0000066_Structure_0001 rr28.TIFF,0,0,0,0,x
69,20200421mouse15_OD_L_2_0_0000116_Structure_0001 RR42.TIFF,0,0,0,0,x
70,20200421mouse15_OD_L_2_0_0000126_Structure_0001 RR49.TIFF,0,0,0,0,x
71,20200421mouse15_OD_L_2_0_0000156_Structure_0001 RR54.TIFF,0,0,0,0,x
72,20200421mouse16_OD_L_2_0_0000016_Structure_0001 RR1.TIFF,0,0,0,0,x
73,20200421mouse16_OD_L_2_0_0000026_Structure_0001 RR14.TIFF,0,0,0,0,x
74,20200421mouse16_OD_L_2_0_0000056_Structure_0001 RR21.TIFF,0,0,0,0,x
75,20200421mouse16_OD_L_2_0_0000076_Structure_0001 rr28.TIFF,0,0,0,0,x
76,20200421mouse16_OD_L_2_0_0000096_Structure_0001 RR35.TIFF,0,0,0,0,x
77,20200421mouse16_OD_L_2_0_0000106_Structure_0001 RR42.TIFF,0,0,0,0,x
78,20200421mouse16_OD_L_2_0_0000136_Structure_0001 RR49.TIFF,0,0,0,0,x
79,20200421mouse16_OD_L_2_0_0000146_Structure_0001 RR54.TIFF,0,0,0,0,x
80,20200421mouse17_OD_L_2_0_0000046_Structure_0001 RR21.TIFF,0,0.5,0,0,x
81,20200421mouse17_OD_L_2_0_0000066_Structure_0001 rr28.TIFF,0,0,0,0,x
82,20200421mouse2_OD_L_2_0_0000016_Structure_0001 RR1.TIFF,0,0,0,0,x
83,20200421mouse2_OD_L_2_0_0000026_Structure_0001 RR14.TIFF,0,0,0,0,x
84,20200421mouse2_OD_L_2_0_0000056_Structure_0001 RR21.TIFF,0,0,0,0,x
85,20200421mouse2_OD_L_2_0_0000076_Structure_0001 rr28.TIFF,0,0,0,0,x
86,20200421mouse2_OD_L_2_0_0000086_Structure_0001 RR35.TIFF,0,0,0,0,x
87,20200421mouse2_OD_L_2_0_0000116_Structure_0001 RR42.TIFF,0,0,0,0.5,x
88,20200421mouse2_OD_L_2_0_0000136_Structure_0001 RR49.TIFF,0,0,0,0,x
89,20200421mouse2_OD_L_2_0_0000156_Structure_0001 RR54.TIFF,0,0,0,0,x
90,20200421mouse20_OD_L_2_0_0000038_Structure_0001 RR14.TIFF,0,0,0,0,x
91,20200421mouse20_OD_L_2_0_0000068_Structure_0001 RR21.TIFF,0,0,0,0,x
92,20200421mouse20_OD_L_2_0_0000078_Structure_0001 RR35.TIFF,0,0,0,0,x
93,20200421mouse20_OD_L_2_0_0000104_Structure_0001 RR42.TIFF,0,0,0,0,x
94,20200421mouse20_OD_L_2_0_0000124_Structure_0001 RR49.TIFF,0,0,0,0,x
95,20200421mouse20_OD_L_2_0_0000138_Structure_0001 RR54.TIFF,0,0,0,0,x
96,20200421mouse22_OD_L_2_0_0000066_Structure_0001 RR28.TIFF,0,0,0,0,x
97,20200421mouse22_OD_L_2_0_0000092_Structure_0001 RR35.TIFF,0,0,0,0,x
98,20200421mouse22_OD_L_2_0_0000116_Structure_0001 rr42.TIFF,0,0,0,0,x
99,20200421mouse3_OD_L_2_0_0000006_Structure_0001 RR1.TIFF,0,0,0,0,x
100,20200421mouse3_OD_L_2_0_0000036_Structure_0001 RR14.TIFF,0,0,0,0,x
101,20200421mouse3_OD_L_2_0_0000046_Structure_0001 RR21.TIFF,0,0,0,0,x
102,20200421mouse3_OD_L_2_0_0000066_Structure_0001 rr28.TIFF,0,0,0,0,x
103,20200421mouse3_OD_L_2_0_0000096_Structure_0001 RR35.TIFF,0,0,0,0,x
104,20200421mouse3_OD_L_2_0_0000106_Structure_0001 RR42.TIFF,0,0,0,0,x
105,20200421mouse3_OD_L_2_0_0000126_Structure_0001 RR49.TIFF,0,0,0,0,x
106,20200421mouse3_OD_L_2_0_0000146_Structure_0001 RR54.TIFF,0,0,0,0,x
107,20200421mouse4_OD_L_2_0_0000016_Structure_0001 RR1.TIFF,0,0,0,2,x
108,20200421mouse4_OD_L_2_0_0000026_Structure_0001 RR14.TIFF,0,0,0.5,0,x
109,20200421mouse4_OD_L_2_0_0000056_Structure_0001 RR21.TIFF,0,0,0,0,x
110,20200421mouse5_OD_L_2_0_0000006_Structure_0001 RR1.TIFF,0,0,0,0,x
111,20200421mouse5_OD_L_2_0_0000036_Structure_0001 RR14.TIFF,0,0,0,0,x
112,20200421mouse5_OD_L_2_0_0000046_Structure_0001 RR21.TIFF,0,0,0,0,x
113,20200421mouse5_OD_L_2_0_0000066_Structure_0001 rr28.TIFF,0,0,0,0,x
114,20200421mouse6_OD_L_2_0_0000016_Structure_0001 RR1.TIFF,0,0,0,0,x
115,20200421mouse6_OD_L_2_0_0000026_Structure_0001 RR14.TIFF,0,0,0,0,x
116,20200421mouse6_OD_L_2_0_0000056_Structure_0001 RR21.TIFF,0,0,0,0,x
117,20200421mouse6_OD_L_2_0_0000076_Structure_0001 rr28.TIFF,0,0,0,0,x
118,20200421mouse9_OD_L_2_0_0000156_Structure_0001 RR54.TIFF,0,0,0,0,x
119,20200507mouse1_OD_L_2_0_0000006_Structure_0001 RR 0.TIFF,0,0,0,0,x
120,20200507mouse1_OD_L_2_0_0000026_Structure_0001 rr 24h.TIFF,NA,NA,NA,0,x
121,20200507mouse1_OD_L_2_0_0000036_Structure_0001 rr 10h.TIFF,0,0.5,0,0,x
122,20200507mouse2_OD_L_2_0_0000016_Structure_0001 RR 0.TIFF,0,0,0,0,x
123,20200507mouse2_OD_L_2_0_0000036_Structure_0001 rr 10h.TIFF,0,0,0,0,x
124,20200507mouse3_OD_L_2_0_0000006_Structure_0001 RR 0.TIFF,0,0,0,0,x
125,20200507mouse4_OD_L_2_0_0000016_Structure_0001 RR 0.TIFF,0,0,0,0,x
126,20200507mouse5_OD_L_2_0_0000006_Structure_0001 RR 0.TIFF,0,0,0,0,x
127,20200507mouse5_OD_L_2_0_0000026_Structure_0001 rr 10h.TIFF,0,0,0,0,x
128,20200507mouse5_OD_L_2_0_0000026_Structure_0001 rr 24h.TIFF,0,0.5,0,0,x
129,20200507mouse6_OD_L_2_0_0000016_Structure_0001 RR 0.TIFF,0,0,0,0,x
130,20200507mouse7_OD_L_2_0_0000006_Structure_0001 RR 0.TIFF,0,0,0,0,x
131,20200507mouse7_OD_L_2_0_0000026_Structure_0001 rr 10h.TIFF,0,0,0,0,x
132,20200507mouse8_OD_L_2_0_0000016_Structure_0001 RR 0.TIFF,0,0,0,0,x
133,20200507mouse8_OD_L_2_0_0000036_Structure_0001 rr 10h.TIFF,0,0.5,0,0,x
134,20200507mouse8_OD_L_2_0_0000066_Structure_0001 rr 2.TIFF,NA,NA,NA,0,x
135,20200512mouse11_OD_L_2_0_0000026_Structure_0001 rr 0.TIFF,0,0,0,0,x
136,20200512mouse11_OD_L_2_0_0000056_Structure_0001 rr 10h.TIFF,0,0.5,0,0,x
137,20200512mouse13_OD_L_2_0_0000016_Structure_0001 rr 0.TIFF,0,0,0,0,x
138,20200512mouse13_OD_L_2_0_0000046_Structure_0001 rr 10h.TIFF,0,0,0,0.5,x
139,20200512mouse13_OD_L_2_0_0000086_Structure_0001 rr 2.TIFF,0,1,0,0,x
140,20200512mouse14_OD_L_2_0_0000006_Structure_0001 rr 0.TIFF,0,0,0,0,x
141,20200512mouse14_OD_L_2_0_0000056_Structure_0001 rr 10h.TIFF,0,0,0,0,x
142,20200512mouse15_OD_L_2_0_0000016_Structure_0001 rr 0.TIFF,0,0,0,0,x
143,20200512mouse16_OD_L_2_0_0000030_Structure_0001 rr 0.TIFF,0,0,0,0,x
144,20200512mouse16_OD_L_2_0_0000090_Structure_0001 rr 10h.TIFF,0,0,0,0,x
145,20200512mouse17_OD_L_2_0_0000006_Structure_0001 rr 0.TIFF,0,0,0,0,x
146,20200512mouse17_OD_L_2_0_0000046_Structure_0001 rr 10h.TIFF,0,0.5,0,0,x
147,20200512mouse18_OD_L_2_0_0000016_Structure_0001 rr 0.TIFF,0,0,0,0,x
148,20200512mouse18_OD_L_2_0_0000056_Structure_0001 rr 10h.TIFF,0,0,0,0,x
149,20200512mouse3_OD_L_2_0_0000006_Structure_0001 RR1.TIFF,0,0,0,0,x
150,20200521mouse1_OD_L_2_0_0000026_Structure_0001 RR0.TIFF,0,0,0,0,x
151,20200521mouse1_OS_L_2_0_0000036_Structure_0001 LR0.TIFF,0,0,0,0,x
152,20200521mouse2_OD_L_2_0_0000019_Structure_0001 RR0.TIFF,0,0.5,0,0,x
275,20200624mouse8_OD_L_2_0_0000036_Structure_0001 rr7.TIFF,0.5,0.5,0,0,x
154,20200521mouse3_OD_L_2_0_0000026_Structure_0001 RR0.TIFF,0,0.5,0,0,x
155,20200521mouse3_OS_L_2_0_0000036_Structure_0001 LR0.TIFF,0,0,0.5,0,x
156,20200527mouse4_OD_L_2_0_0000032_Structure_0001 RR7.TIFF,0,0,0,0,x
157,20200527mouse5_OD_L_2_0_0000022_Structure_0001 RR7.TIFF,0,0,0,0,x
158,20200604mouse1_OD_L_2_0_0000006_Structure_0001 rr 0.TIFF,0,0,0,0,x
159,20200604mouse10_OD_L_2_0_0000016_Structure_0001 rr 0.TIFF,0,0,0,0,x
160,20200604mouse2_OD_L_2_0_0000016_Structure_0001 rr 0.TIFF,0,0,0,0,x
161,20200604mouse2_OD_L_2_0_0000040_Structure_0001 rr 10hr.TIFF,0,0,0,1,x
162,20200604mouse3_OD_L_2_0_0000006_Structure_0001 rr 0.TIFF,0,0,0,0,x
163,20200604mouse4_OD_L_2_0_0000016_Structure_0001 rr 0.TIFF,0,0,0,0,x
164,20200604mouse4_OD_L_2_0_0000036_Structure_0001 rr 10hr.TIFF,0,0,0,0,x
165,20200604mouse5_OD_L_2_0_0000006_Structure_0001 rr 0.TIFF,0,0,0,0,x
166,20200604mouse6_OD_L_2_0_0000016_Structure_0001 rr 0.TIFF,0,0,0,0,x
167,20200604mouse7_OD_L_2_0_0000006_Structure_0001 rr 0.TIFF,0,0,0,0.5,x
168,20200604mouse7_OD_L_2_0_0000026_Structure_0001 rr 10hr.TIFF,0,0,0,0,x
169,20200604mouse8_OD_L_2_0_0000016_Structure_0001 rr 0.TIFF,0,0,0,0,x
170,20200604mouse8_OD_L_2_0_0000036_Structure_0001 rr 10hr.TIFF,0,0,0,0,x
171,20200604mouse8_OD_L_2_0_0000056_Structure_0001 rr 1.TIFF,0,0.5,0,0,x
172,20200604mouse9_OD_L_2_0_0000006_Structure_0001 rr 0.TIFF,0,0,0,0,x
173,20200604mouse9_OD_L_2_0_0000026_Structure_0001 rr 10hr.TIFF,0,0,0,0,x
279,20200624mouse8_OD_L_2_0_0000106_Structure_0001 rr35.TIFF,0.5,0.5,0.5,0,0
175,20200624mouse5_OD_L_2_0_0000066_Structure_0001 RR14.TIFF,0,0,0,0,x
176,20200624mouse5_OD_L_2_0_0000086_Structure_0001 RR21.TIFF,0,0.5,0,0,x
177,20200624mouse5_OD_L_2_0_0000126_Structure_0001 rr35.TIFF,0,0,0.5,0,x
178,20200624mouse5_OD_L_2_0_0000156_Structure_0001 RR42.TIFF,0,0,0,0,x
179,20200624mouse5_OD_L_2_0_0000176_Structure_0001 RR49.TIFF,0,0,0,0,x
180,20200624mouse6_OD_L_2_0_0000036_Structure_0001 rr7.TIFF,0,0,0,0,x
181,20200624mouse6_OD_L_2_0_0000052_Structure_0001 RR14.TIFF,0,0,0,0,x
182,20200624mouse6_OD_L_2_0_0000076_Structure_0001 RR21.TIFF,0,0,0,0,x
183,20200624mouse7_OD_L_2_0_0000026_Structure_0001 rr7.TIFF,0,0,0,0,x
184,20200624mouse7_OD_L_2_0_0000046_Structure_0001 RR14.TIFF,0,0,0,0,x
185,20200624mouse7_OD_L_2_0_0000066_Structure_0001 RR21.TIFF,0,0,0,0,x
186,20200624mouse7_OD_L_2_0_0000086_Structure_0001 RR28.TIFF,0,0,0,0,x
187,20200624mouse7_OD_L_2_0_0000116_Structure_0001 rr35.TIFF,0,0,0,0,x
188,20200624mouse7_OD_L_2_0_0000126_Structure_0001 RR42.TIFF,0,0,0,0,x
189,20200624mouse7_OD_L_2_0_0000146_Structure_0001 RR49.TIFF,0,0,0,0,x
190,20200624mouse8_OD_L_2_0_0000136_Structure_0001 RR42.TIFF,0,0,0,0.5,x
191,20200624mouse8_OD_L_2_0_0000146_Structure_0001 RR49.TIFF,0,0,0,0,x
192,20200624mouse9_OD_L_2_0_0000110_Structure_0001 rr35.TIFF,0,0,0,0,x
193,20200624mouse9_OD_L_2_0_0000150_Structure_0001 RR49.TIFF,0,0,0,0,x
194,20200710mouse4_OD_L_2_0_0000036_Structure_0001 RR7.TIFF,0,0,0,0,x
195,20200710mouse9_OD_L_2_0_0000026_Structure_0001 RR7.TIFF,0,0,0,0,x
196,20200729mouse5_OD_L_2_0_0000066_Structure_0001 RR4.TIFF,0,0,0,0,x
197,20190920mouse1_OD_L_2_0_0000026_Structure_0001 RR 55.TIFF,0.5,0.5,0.5,0.5,x
198,20190920mouse3_OD_L_2_0_0000026_Structure_0001 RR 55.TIFF,0.5,0.5,1,0.5,x
199,20190925mouse3_OD_L_2_0_0000026_Structure_0001 rr35.TIFF,0.5,0.5,0.5,0.5,x
200,20190925mouse5_OD_L_2_0_0000026_Structure_0001 rr35.TIFF,0.5,0.5,0.5,0.5,x
201,20190925mouse6_OD_L_2_0_0000036_Structure_0001 rr35.TIFF,0.5,1,0.5,0.5,x
202,20200225mouse1_OD_L_2_0_0000072_Structure_0001 rr 2.TIFF,0.5,0.5,0.5,1,x
203,20200225mouse2_OD_L_2_0_0000028_Structure_0001 rr 10h.TIFF,0.5,0.5,0.5,0.5,x
204,20200225mouse2_OD_L_2_0_0000058_Structure_0001 rr 2.TIFF,0.5,0.5,0.5,0.5,x
205,20200225mouse3_OD_L_2_0_0000046_Structure_0001 rr 1.TIFF,0.5,1,0.5,0.5,x
206,20200225mouse4_OD_L_2_0_0000026_Structure_0001 rr 10h.TIFF,0.5,0.5,0.5,1,x
207,20200225mouse5_OD_L_2_0_0000052_Structure_0001 rr 1.TIFF,0.5,1,0.5,0.5,x
208,20200225mouse6_OD_L_2_0_0000036_Structure_0001 rr 10h.TIFF,0.5,0.5,0.5,0.5,x
209,20200225mouse6_OD_L_2_0_0000052_Structure_0001 rr 1.TIFF,0.5,1,0.5,0.5,x
210,20200225mouse6_OD_L_2_0_0000066_Structure_0001 rr 2.TIFF,0.5,0.5,0.5,0,x
211,20200225mouse8_OD_L_2_0_0000076_Structure_0001 rr 2.TIFF,0.5,0.5,0.5,0.5,x
212,20200225mouse9_OD_L_2_0_0000026_Structure_0001 rr 10h.TIFF,0.5,0.5,0.5,0.5,x
213,20200226mouse10_OD_L_2_0_0000016_Structure_0001 rr28.TIFF,0.5,0.5,0.5,0.5,x
214,20200226mouse13_OD_L_2_0_0000066_Structure_0001 rr 2.TIFF,0.5,0.5,0.5,0.5,x
215,20200226mouse16_OD_L_2_0_0000032_Structure_0001 rr 10h.TIFF,0.5,0.5,0.5,0.5,x
216,20200226mouse18_OD_L_2_0_0000016_Structure_0001 rr 0.TIFF,0.5,0,0.5,0.5,x
217,20200226mouse19_OD_L_2_0_0000042_Structure_0001 rr 1.TIFF,0.5,0.5,NA,0.5,x
218,20200421mouse10_OD_L_2_0_0000076_Structure_0001 rr28.TIFF,0.5,0.5,0.5,0.5,x
219,20200421mouse10_OD_L_2_0_0000086_Structure_0001 RR35.TIFF,0.5,0.5,1,0.5,x
220,20200421mouse10_OD_L_2_0_0000112_Structure_0001 RR42.TIFF,0.5,0.5,1,0.5,x
221,20200421mouse10_OD_L_2_0_0000136_Structure_0001 RR49.TIFF,0.5,0.5,0.5,0.5,x
222,20200421mouse13_OD_L_2_0_0000036_Structure_0001 RR14.TIFF,0.5,0.5,0.5,0,x
223,20200421mouse13_OD_L_2_0_0000046_Structure_0001 RR21.TIFF,0.5,0.5,0.5,0.5,x
224,20200421mouse13_OD_L_2_0_0000066_Structure_0001 rr28.TIFF,0.5,0.5,0.5,0.5,x
327,20200421mouse19_OD_L_2_0_0000086_Structure_0001 RR28.TIFF,0,1,1,0.5,0
226,20200421mouse18_OD_L_2_0_0000076_Structure_0001 rr28.TIFF,0.5,0.5,2,0.5,x
227,20200421mouse21_OD_L_2_0_0000046_Structure_0001 RR21.TIFF,0.5,0.5,0.5,0,x
228,20200421mouse21_OD_L_2_0_0000076_Structure_0001 RR28.TIFF,0.5,1,0.5,0.5,x
229,20200421mouse21_OD_L_2_0_0000092_Structure_0001 RR54.TIFF,0.5,0.5,0,0.5,x
230,20200421mouse22_OD_L_2_0_0000026_Structure_0001 RR14.TIFF,0.5,0.5,0.5,0,x
231,20200421mouse22_OD_L_2_0_0000056_Structure_0001 RR21.TIFF,0.5,0.5,1,0.5,x
232,20200421mouse22_OD_L_2_0_0000136_Structure_0001 RR49.TIFF,0.5,0,0.5,0.5,x
438,20200624mouse4_OD_L_2_0_0000046_Structure_0001 rr7.TIFF,0,2,2,2,0
615,20190619mouse14_OD_L_2_0_0000076_Structure_0001 RR6.TIFF,0.5,0,0.5,0.5,0
235,20200421mouse9_OD_L_2_0_0000036_Structure_0001 RR14.TIFF,0.5,0.5,1,0.5,x
236,20200421mouse9_OD_L_2_0_0000046_Structure_0001 RR21.TIFF,0.5,0.5,1,0.5,x
237,20200421mouse9_OD_L_2_0_0000066_Structure_0001 rr28.TIFF,0.5,0.5,0.5,0,x
238,20200421mouse9_OD_L_2_0_0000106_Structure_0001 RR42.TIFF,0.5,0.5,0.5,0.5,x
239,20200421mouse9_OD_L_2_0_0000126_Structure_0001 RR49.TIFF,0.5,0.5,0.5,0.5,x
240,20200507mouse1_OD_L_2_0_0000052_Structure_0001 rr2.TIFF,NA,NA,NA,NA,x
241,20200507mouse3_OD_L_2_0_0000026_Structure_0001 rr 10h.TIFF,0.5,0.5,0.5,0,x
242,20200507mouse3_OD_L_2_0_0000056_Structure_0001 rr 2.TIFF,0.5,0.5,0.5,0.5,x
243,20200507mouse5_OD_L_2_0_0000046_Structure_0001 rr 2.TIFF,0.5,0.5,0.5,0,x
244,20200507mouse6_OD_L_2_0_0000036_Structure_0001 rr 24h.TIFF,0,0.5,0,0,x
245,20200507mouse6_OD_L_2_0_0000050_Structure_0001 rr 10h.TIFF,0.5,0.5,0.5,0,x
246,20200512mouse12_OD_L_2_0_0000006_Structure_0001 rr 0.TIFF,0.5,0.5,0.5,0,x
247,20200512mouse12_OD_L_2_0_0000056_Structure_0001 rr 10h.TIFF,0.5,0.5,1,0.5,x
248,20200512mouse14_OD_L_2_0_0000096_Structure_0001 rr 2.TIFF,0.5,0.5,0.5,0,x
249,20200512mouse16_OD_L_2_0_0000110_Structure_0001 rr 24h.TIFF,0.5,0.5,0.5,0,x
250,20200512mouse16_OD_L_2_0_0000126_Structure_0001 rr 2.TIFF,0.5,1,0.5,0.5,x
251,20200512mouse7_OD_L_2_0_0000016_Structure_0001 RR1.TIFF,0.5,0.5,0.5,0.5,x
252,20200512mouse9_OD_L_2_0_0000006_Structure_0001 RR1.TIFF,0.5,0.5,1,0.5,x
253,20200527mouse12_OD_L_2_0_0000036_Structure_0001 RR7.TIFF,0.5,0.5,0.5,0.5,x
254,20200527mouse5_OD_L_2_0_0000006_Structure_0001 RR1.TIFF,0.5,0.5,0.5,0.5,x
255,20200527mouse8_OD_L_2_0_0000016_Structure_0001 RR1.TIFF,0.5,0.5,1,0.5,x
256,20200527mouse8_OD_L_2_0_0000026_Structure_0001 RR7.TIFF,0.5,0.5,0.5,0.5,x
257,20200604mouse10_OD_L_2_0_0000036_Structure_0001 rr 10hr.TIFF,0.5,0.5,0.5,1,x
258,20200604mouse4_OD_L_2_0_0000056_Structure_0001 rr 1.TIFF,0.5,0.5,0.5,0.5,x
259,20200604mouse5_OD_L_2_0_0000026_Structure_0001 rr 10hr.TIFF,0.5,0.5,0.5,0.5,x
260,20200604mouse7_OD_L_2_0_0000046_Structure_0001 rr 1.TIFF,0.5,0.5,1,0.5,x
261,20200604mouse9_OD_L_2_0_0000046_Structure_0001 rr 1.TIFF,0.5,0.5,0.5,0.5,x
262,20200624mouse1_OD_L_2_0_0000086_Structure_0001 RR28.TIFF,0.5,0.5,1,0.5,x
263,20200624mouse1_OD_L_2_0_0000116_Structure_0001 rr35.TIFF,0.5,0.5,1,0.5,x
264,20200624mouse1_OD_L_2_0_0000126_Structure_0001 RR42.TIFF,0.5,0.5,1,0.5,x
265,20200624mouse1_OD_L_2_0_0000146_Structure_0001 RR49.TIFF,0.5,0.5,0.5,0.5,x
266,20200624mouse10_OD_L_2_0_0000036_Structure_0001 rr7.TIFF,0.5,0.5,0.5,1,x
267,20200624mouse10_OD_L_2_0_0000090_Structure_0001 RR28.TIFF,0.5,0.5,0.5,0.5,x
268,20200624mouse10_OD_L_2_0_0000100_Structure_0001 rr35.TIFF,0.5,0.5,0.5,0.5,x
269,20200624mouse10_OD_L_2_0_0000130_Structure_0001 RR42.TIFF,0.5,0.5,0.5,0.5,x
270,20200624mouse10_OD_L_2_0_0000150_Structure_0001 RR49.TIFF,0.5,0.5,0.5,0.5,x
271,20200624mouse11_OD_L_2_0_0000146_Structure_0001 RR49.TIFF,0.5,0.5,1,0.5,x
272,20200624mouse3_OD_L_2_0_0000088_Structure_0001 rr35.TIFF,0.5,0.5,0.5,0.5,x
273,20200624mouse3_OD_L_2_0_0000138_Structure_0001 RR49.TIFF,0.5,0.5,0.5,0.5,x
274,20200624mouse5_OD_L_2_0_0000116_Structure_0001 RR28.TIFF,0.5,0.5,0.5,0.5,x
619,20190619mouse14_OD_L_2_0_0000156_Structure_0001 RR28.TIFF,0.5,0.5,0.5,0,0
276,20200624mouse8_OD_L_2_0_0000056_Structure_0001 RR14.TIFF,0.5,0.5,0.5,0,x
277,20200624mouse8_OD_L_2_0_0000076_Structure_0001 RR21.TIFF,0.5,0.5,0.5,0.5,x
278,20200624mouse8_OD_L_2_0_0000096_Structure_0001 RR28.TIFF,0.5,0.5,0.5,0.5,x
629,20190710mouse3_OD_L_2_0_0000026_Structure_0001 RR1.TIFF,0,2,2,2,0
280,20200624mouse9_OD_L_2_0_0000026_Structure_0001 rr7.TIFF,0.5,0.5,0.5,0.5,x
281,20200624mouse9_OD_L_2_0_0000040_Structure_0001 RR14.TIFF,0.5,0.5,0.5,0.5,x
282,20200624mouse9_OD_L_2_0_0000060_Structure_0001 RR21.TIFF,0.5,0.5,0.5,0.5,x
283,20200624mouse9_OD_L_2_0_0000080_Structure_0001 RR28.TIFF,0.5,0.5,0.5,0.5,x
284,20200624mouse9_OD_L_2_0_0000120_Structure_0001 RR42.TIFF,0.5,0.5,0.5,0.5,x
285,20200710mouse10_OD_L_2_0_0000036_Structure_0001 RR7.TIFF,0.5,0.5,0.5,1,x
286,20200710mouse3_OD_L_2_0_0000028_Structure_0001 RR7.TIFF,0.5,0.5,0.5,0.5,x
287,20200710mouse5_OD_L_2_0_0000026_Structure_0001 RR7.TIFF,0.5,0.5,0.5,0.5,x
288,20200729mouse4_OD_L_2_0_0000076_Structure_0001 RR4.TIFF,0.5,0.5,0.5,0.5,x
635,20190806mouse1_OD_L_2_0_0000126_Structure_0001 RR14.TIFF,0.5,0.5,0.5,0,0
290,20190925mouse12_OD_L_2_0_0000036_Structure_0001 RR55.TIFF,NA,NA,NA,NA,x
291,20190925mouse13_OD_L_2_0_0000026_Structure_0001RR 55.TIFF,1,1,1,1,x
292,20190925mouse7_OD_L_2_0_0000026_Structure_0001 rr35.TIFF,1,1,1,1,x
293,20200207mouse4_OD_L_2_0_0000036_Structure_0001 rr28.TIFF,NA,NA,NA,NA,x
294,20200207mouse5_OD_L_2_0_0000022_Structure_0001 rr28.TIFF,1,1,1,1,x
295,20200220mouse3_OD_L_2_0_0000012_Structure_0001 rr1.TIFF,1,1,1,0.5,x
296,20200220mouse9_OD_L_2_0_0000006_Structure_0001 rr1.TIFF,1,2,1,1,x
643,20190806mouse2_OD_L_2_0_0000196_Structure_0001 RR42.TIFF,0.5,0,0.5,0.5,0
644,20190806mouse2_OD_L_2_0_0000206_Structure_0001 RR49.TIFF,0.5,0.5,0.5,0.5,0
651,20190806mouse3_OD_L_2_0_0000126_Structure_0001RR21.TIFF,0.5,0,0,0.5,x
300,20200225mouse1_OD_L_2_0_0000046_Structure_0001 rr 1.TIFF,1,1,1,1,x
301,20200225mouse3_OD_L_2_0_0000066_Structure_0001 rr 2.TIFF,1,1,1,1,x
302,20200225mouse4_OD_L_2_0_0000066_Structure_0001 rr 2.TIFF,1,1,1,1,x
659,20190806mouse4_OD_L_2_0_0000136_Structure_0001 RR21.TIFF,0,2,3,3,0
304,20200225mouse5_OD_L_2_0_0000072_Structure_0001 rr 2.TIFF,1,0.5,1,1,x
305,20200225mouse7_OD_L_2_0_0000026_Structure_0001 rr 10h.TIFF,1,1,1,1,x
672,20190806mouse6_OD_L_2_0_0000220_Structure_0001 RR42.TIFF,0.5,0,0,0,x
307,20200225mouse9_OD_L_2_0_0000072_Structure_0001 rr 2.TIFF,1,1,1,1,x
673,20190806mouse6_OD_L_2_0_0000230_Structure_0001 RR49.TIFF,0.5,0,0,0,x
309,20200226mouse13_OD_L_2_0_0000026_Structure_0001 rr 10h.TIFF,1,1,1,1,x
310,20200226mouse13_OD_L_2_0_0000046_Structure_0001 rr 1.TIFF,1,1,0.5,1,x
311,20200421mouse10_OD_L_2_0_0000016_Structure_0001 RR1.TIFF,1,1,1,0.5,x
787,20190404mouse2F_OD_L_2_0_0000116_Structure_0001 RR28.TIFF,0,2,2,2,0
802,20190402mouse4_OD_L_2_0_0000016_Structure_0001 rr 1.TIFF,0,2,2,2,0
314,20200421mouse11_OD_L_2_0_0000066_Structure_0001 rr28.TIFF,1,1,2,1,x
315,20200421mouse11_OD_L_2_0_0000096_Structure_0001 RR35.TIFF,1,1,1,1,x
316,20200421mouse11_OD_L_2_0_0000106_Structure_0001 RR42.TIFF,1,1,2,1,x
317,20200421mouse11_OD_L_2_0_0000132_Structure_0001 RR49.TIFF,1,1,2,1,x
318,20200421mouse11_OD_L_2_0_0000162_Structure_0001 RR54.TIFF,1,0.5,1,1,x
319,20200421mouse12_OD_L_2_0_0000076_Structure_0001 rr28.TIFF,1,1,2,1,x
320,20200421mouse12_OD_L_2_0_0000086_Structure_0001 RR35.TIFF,1,1,1,1,x
321,20200421mouse12_OD_L_2_0_0000116_Structure_0001 RR42.TIFF,1,1,1,1,x
322,20200421mouse18_OD_L_2_0_0000026_Structure_0001 RR14.TIFF,1,1,1,1,x
323,20200421mouse18_OD_L_2_0_0000056_Structure_0001 RR21.TIFF,1,1,1,0.5,x
324,20200421mouse19_OD_L_2_0_0000036_Structure_0001 RR14.TIFF,1,1,1,0.5,x
325,20200421mouse19_OD_L_2_0_0000046_Structure_0001 RR21.TIFF,1,1,1,0.5,x
326,20200421mouse19_OD_L_2_0_0000066_Structure_0001 rr28.TIFF,1,1,1,0.5,x
21,20190925mouse9_OD_L_2_0_0000026_Structure_0001 rr35.TIFF,0,0,0,0.5,0.5
328,20200421mouse21_OD_L_2_0_0000036_Structure_0001 RR14.TIFF,1,1,1,1,x
329,20200421mouse9_OD_L_2_0_0000006_Structure_0001 RR1.TIFF,1,1,1,0.5,x
153,20200521mouse2_OS_L_2_0_0000007_Structure_0001 LR0.TIFF,0,0,0,0,0.5
225,20200421mouse17_OD_L_2_0_0000036_Structure_0001 RR14.TIFF,0.5,0.5,0.5,1,x
298,20200221mouse4_OD_L_2_0_0000016_Structure_0001 rr28.TIFF,1,1,1,0.5,0.5
299,20200221mouse5_OD_L_2_0_0000036_Structure_0001 rr28.TIFF,1,1,1,0.5,0.5
334,20200507mouse7_OD_L_2_0_0000026_Structure_0001 rr 24h.TIFF,1,1,1,1,x
306,20200225mouse9_OD_L_2_0_0000046_Structure_0001 rr 1.TIFF,1,1,1,1,0.5
336,20200512mouse10_OD_L_2_0_0000016_Structure_0001 RR1.TIFF,1,1,1,2,x
312,20200421mouse10_OD_L_2_0_0000026_Structure_0001 RR14.TIFF,1,1,1,0.5,0.5
338,20200512mouse14_OD_L_2_0_0000066_Structure_0001 rr 24h.TIFF,1,1,1,1,x
339,20200512mouse5_OD_L_2_0_0000006_Structure_0001 RR1.TIFF,1,1,1,1,x
340,20200512mouse8_OD_L_2_0_0000016_Structure_0001 RR1.TIFF,1,1,2,1,x
341,20200527mouse1_OD_L_2_0_0000006_Structure_0001 RR1.TIFF,1,1,1,1,x
342,20200527mouse1_OD_L_2_0_0000026_Structure_0001 RR7.TIFF,1,1,1,1,x
343,20200527mouse12_OD_L_2_0_0000016_Structure_0001 RR1.TIFF,1,1,1,1,x
344,20200527mouse2_OD_L_2_0_0000016_Structure_0001 RR1.TIFF,1,1,1,1,x
345,20200527mouse2_OD_L_2_0_0000032_Structure_0001 RR7.TIFF,1,1,1,1,x
346,20200527mouse4_OD_L_2_0_0000016_Structure_0001 RR1.TIFF,1,1,1,1,x
347,20200527mouse9_OD_L_2_0_0000036_Structure_0001 RR7.TIFF,1,1,2,1,x
348,20200604mouse1_OD_L_2_0_0000026_Structure_0001 rr 10h.TIFF,1,1,1,1,x
349,20200604mouse1_OD_L_2_0_0000046_Structure_0001 rr 1.TIFF,1,1,1,1,x
350,20200604mouse10_OD_L_2_0_0000056_Structure_0001 rr 1.TIFF,1,1,1,1,x
351,20200604mouse2_OD_L_2_0_0000060_Structure_0001 rr 1.TIFF,1,1,1,1,x
352,20200604mouse3_OD_L_2_0_0000026_Structure_0001 rr 10 hr.TIFF,1,1,1,1,x
353,20200604mouse3_OD_L_2_0_0000046_Structure_0001 rr 1.TIFF,1,1,1,1,x
354,20200604mouse5_OD_L_2_0_0000046_Structure_0001 rr 1.TIFF,1,1,1,1,x
355,20200604mouse6_OD_L_2_0_0000036_Structure_0001 rr 10hr.TIFF,1,1,1,1,x
356,20200624mouse1_OD_L_2_0_0000026_Structure_0001 rr7.TIFF,1,1,1,1,x
357,20200624mouse1_OD_L_2_0_0000046_Structure_0001 RR14.TIFF,1,1,1,1,x
358,20200624mouse1_OD_L_2_0_0000066_Structure_0001 RR21.TIFF,1,1,1,1,x
359,20200624mouse10_OD_L_2_0_0000070_Structure_0001 RR 21.TIFF,1,1,1,1,x
360,20200624mouse11_OD_L_2_0_0000026_Structure_0001 rr7.TIFF,1,1,1,1,x
361,20200624mouse11_OD_L_2_0_0000046_Structure_0001 RR14.TIFF,1,1,1,1,x
362,20200624mouse11_OD_L_2_0_0000086_Structure_0001 RR28.TIFF,1,1,1,1,x
363,20200624mouse11_OD_L_2_0_0000116_Structure_0001 rr35.TIFF,1,1,1,1,x
364,20200624mouse2_OD_L_2_0_0000056_Structure_0001 RR14.TIFF,1,1,1,1,x
365,20200624mouse2_OD_L_2_0_0000076_Structure_0001 RR21.TIFF,1,1,1,1,x
366,20200624mouse3_OD_L_2_0_0000026_Structure_0001 rr7.TIFF,1,1,1,1,x
367,20200624mouse3_OD_L_2_0_0000047_Structure_0001 RR14.TIFF,1,1,1,1,x
368,20200624mouse3_OD_L_2_0_0000068_Structure_0001 RR21.TIFF,1,0.5,1,1,x
313,20200421mouse10_OD_L_2_0_0000052_Structure_0001 RR21.TIFF,1,1,1,0.5,0.5
370,20200624mouse4_OD_L_2_0_0000056_Structure_0001 RR21.TIFF,1,1,1,1,x
371,20200624mouse4_OD_L_2_0_0000066_Structure_0001 RR28.TIFF,1,1,0.5,1,x
372,20200624mouse4_OD_L_2_0_0000096_Structure_0001 rr35.TIFF,1,1,1,1,x
373,20200624mouse4_OD_L_2_0_0000126_Structure_0001 RR49.TIFF,1,1,1,1,x
374,20200710mouse2_OD_L_2_0_0000016_Structure_0001 RR1.TIFF,1,1,1,1,x
375,20200710mouse3_OD_L_2_0_0000007_Structure_0001 RR1.TIFF,1,1,1,1,x
376,20200710mouse4_OD_L_2_0_0000016_Structure_0001 RR1.TIFF,1,1,2,1,x
377,20200710mouse5_OD_L_2_0_0000002_Structure_0001 RR1.TIFF,1,1,1,1,x
378,20200710mouse8_OD_L_2_0_0000036_Structure_0001 RR7.TIFF,1,1,2,1,x
331,20200507mouse3_OD_L_2_0_0000026_Structure_0001 rr 24h.TIFF,1,1,1,0.5,0.5
333,20200507mouse6_OD_L_2_0_0000060_Structure_0001 rr 2.TIFF,1,1,1,0,0.5
335,20200507mouse8_OD_L_2_0_0000036_Structure_0001 rr 24h.TIFF,1,1,1,0.5,0.5
382,20190925mouse1_OD_L_2_0_0000026_Structure_0001 rr35.TIFF,2,2,2,2,x
337,20200512mouse11_OD_L_2_0_0000076_Structure_0001 rr 24h.TIFF,1,1,1,0.5,0.5
369,20200624mouse3_OD_L_2_0_0000118_Structure_0001 RR42.TIFF,1,0.5,1,1,0.5
379,20200729mouse8_OD_L_2_0_0000066_Structure_0001 RR4.TIFF,1,1,1,0.5,0.5
386,20190925mouse15_OD_L_2_0_0000026_Structure_0001RR 55.TIFF,2,2,2,2,x
387,20190925mouse16_OD_L_2_0_0000016_Structure_0001 RR 28.TIFF,NA,NA,NA,NA,x
381,20190920mouse4_OD_L_2_0_0000016_Structure_0001RR 1.TIFF,2,2,2,0,0.5
389,20190925mouse19_OD_L_2_0_0000026_Structure_0001 RR 28.TIFF,2,2,4,2,x
383,20190925mouse10_OD_L_2_0_0000036_Structure_0001 rr35.TIFF,n/a,2,2,1,0.5
390,20190925mouse5_OD_L_2_0_0000016_Structure_0001 RR2.TIFF,2,1,2,2,0.5
392,20200207mouse1_OD_L_2_0_0000036_Structure_0001 RR28.TIFF,NA,2,NA,NA,x
450,20190925mouse14_OD_L_4_90_0000026_Structure_0001RR 55.TIFF,,3,3,3,0.5
394,20200207mouse8_OD_L_2_0_0000026_Structure_0001 28rr.TIFF,2,3,2,2,x
395,20200207mouse9_OD_L_2_0_0000026_Structure_0001 28rr.TIFF,2,2,2,2,x
396,20200220mouse5_OD_L_2_0_0000018_Structure_0001 rr1.TIFF,2,3,2,2,x
611,20190619mouse13_OD_L_2_0_0000126_Structure_0001 RR21.TIFF,1,0.5,1,1,0.5
631,20190806mouse1_OD_L_2_0_0000046_Structure_0001 RR2.TIFF,1,1,1,0,0.5
634,20190806mouse1_OD_L_2_0_0000106_Structure_0001 RR7.TIFF,1,1,1,1,0.5
400,20200226mouse12_OD_L_2_0_0000074_Structure_0001 rr 2.TIFF,NA,2,NA,NA,x
401,20200226mouse15_OD_L_2_0_0000072_Structure_0001 rr 2.TIFF,2,2,2,3,x
646,20190806mouse3_OD_L_2_0_0000006_Structure_0001 RR1.TIFF,1,0.5,1,1,0.5
704,20190821mouse4_OD_L_2_0_0000006_Structure_0001 RR1.TIFF,1,1,1,0.5,0.5
404,20200226mouse6_OD_L_2_0_0000016_Structure_0001 RR1.TIFF,2,2,3,2,x
405,20200226mouse7_OD_L_2_0_0000036_Structure_0001 rr28.TIFF,NA,2,NA,NA,x
406,20200226mouse8_OD_L_2_0_0000016_Structure_0001 RR1.TIFF,2,2,2,2,x
407,20200226mouse9_OD_L_2_0_0000006_Structure_0001 rr1.TIFF,2,2,2,1,x
408,20200421mouse11_OD_L_2_0_0000046_Structure_0001 RR21.TIFF,2,2,2,1,x
409,20200421mouse12_OD_L_2_0_0000026_Structure_0001 RR14.TIFF,2,2,3,2,x
410,20200421mouse12_OD_L_2_0_0000056_Structure_0001 RR21.TIFF,2,2,2,1,x
707,20190821mouse7_OD_L_2_0_0000016_Structure_0001 RR1.TIFF,1,1,1,0.5,0.5
412,20200421mouse20_OD_L_2_0_0000018_Structure_0001 RR1.TIFF,2,2,2,1,x
413,20200421mouse22_OD_L_2_0_0000016_Structure_0001 RR1.TIFF,2,2,2,2,x
414,20200421mouse7_OD_L_2_0_0000006_Structure_0001 RR1.TIFF,2,2,3,2,x
415,20200421mouse7_OD_L_2_0_0000036_Structure_0001 RR14.TIFF,2,2,2,1,x
174,20200624mouse5_OD_L_2_0_0000032_Structure_0001 rr7.TIFF,2,0,0,0,1
417,20200421mouse7_OD_L_2_0_0000066_Structure_0001 rr28.TIFF,2,2,2,2,x
418,20200421mouse8_OD_L_2_0_0000016_Structure_0001 RR1.TIFF,2,2,2,2,x
419,20200421mouse8_OD_L_2_0_0000076_Structure_0001 rr28.TIFF,2,2,3,2,x
380,20190919mouse2_OD_L_2_0_0000016_Structure_0001 RR2.TIFF,2,2,2,2,1
385,20190925mouse15_OD_L_2_0_0000006_Structure_0001 RR 1.TIFF,2,2,2,3,1
391,20190925mouse7_OD_L_2_0_0000012_Structure_0001 RR2.TIFF,2,2,2,3,1
423,20200512mouse15_OD_L_2_0_0000046_Structure_0001 rr 10h.TIFF,2,2,2,2,x
399,20200225mouse7_OD_L_2_0_0000066_Structure_0001 rr 2.TIFF,2,2,2,1,1
425,20200512mouse17_OD_L_2_0_0000066_Structure_0001 rr 24h.TIFF,2,2,2,2,x
426,20200512mouse18_OD_L_2_0_0000076_Structure_0001 rr 24h.TIFF,2,2,3,2,x
402,20200226mouse16_OD_L_2_0_0000055_Structure_0001 rr 1 .TIFF,2,2,2,2,1
411,20200421mouse19_OD_L_2_0_0000006_Structure_0001 RR1.TIFF,2,2,2,1,1
429,20200527mouse3_OD_L_2_0_0000006_Structure_0001 RR1.TIFF,2,2,2,2,x
430,20200527mouse3_OD_L_2_0_0000022_Structure_0001 RR7.TIFF,2,2,2,1,x
416,20200421mouse7_OD_L_2_0_0000046_Structure_0001 RR21.TIFF,2,2,2,1,1
432,20200527mouse7_OD_L_2_0_0000036_Structure_0001 RR7.TIFF,2,2,2,2,x
433,20200624mouse10_OD_L_2_0_0000050_Structure_0001 RR14.TIFF,2,2,2,2,x
434,20200624mouse11_OD_L_2_0_0000066_Structure_0001 RR21.TIFF,2,2,2,2,x
420,20200421mouse8_OD_L_2_0_0000086_Structure_0001 RR35.TIFF,2,2,2,2,1
436,20200624mouse2_OD_L_2_0_0000036_Structure_0001 rr7.TIFF,2,2,1,2,x
422,20200512mouse13_OD_L_2_0_0000066_Structure_0001 rr24h.TIFF,2,2,2,1,1
424,20200512mouse15_OD_L_2_0_0000076_Structure_0001 rr 24h.TIFF,2,2,3,2,1
427,20200512mouse4_OD_L_2_0_0000016_Structure_0001 RR1.TIFF,2,2,2,1,1
440,20200710mouse1_OD_L_2_0_0000026_Structure_0001 RR7.TIFF,2,2,3,2,x
441,20200710mouse2_OD_L_2_0_0000036_Structure_0001 RR7.TIFF,2,2,2,2,x
439,20200624mouse4_OD_L_2_0_0000106_Structure_0001 RR42.TIFF,2,2,2,1,1
443,20200710mouse7_OD_L_2_0_0000006_Structure_0001 RR1.TIFF,2,2,2,2,x
444,20200710mouse9_OD_L_2_0_0000006_Structure_0001 RR1.TIFF,2,2,2,2,x
442,20200710mouse6_OD_L_2_0_0000016_Structure_0001 RR1.TIFF,2,2,2,1,1
446,20190920mouse5_OD_L_2_0_0000006_Structure_0001 RR 1.TIFF,3,3,3,3,x
447,20190925mouse10_OD_L_2_0_0000002_Structure_0001 RR2.TIFF,3,3,3,4,x
448,20190925mouse14_OD_L_2_0_0000016_Structure_0001 RR 1.TIFF,3,3,3,3,x
449,20190925mouse14_OD_L_2_0_0000036_Structure_0001RR 55.TIFF,3,3,3,3,x
548,20190424mouse1_OD_L_2_0_0000226_Structure_0001 RR56.TIFF,2,2,2,1,1
451,20190925mouse2_OD_L_2_0_0000032_Structure_0001 rr35.TIFF,3,2,3,3,x
452,20190925mouse4_OD_L_2_0_0000006_Structure_0001 RR2.TIFF,3,3,3,3,x
453,20200207mouse10_OD_L_2_0_0000026_Structure_0001 28rr.TIFF,3,3,3,3,x
454,20200220mouse1_OD_L_2_0_0000016_Structure_0001 rr1.TIFF,4,4,4,4,x
455,20200221mouse1_OD_L_2_0_0000016_Structure_0001 rr1.TIFF,3,3,4,3,x
456,20200221mouse5_OD_L_2_0_0000006_Structure_0001 rr1.TIFF,3,3,2,3,x
457,20200225mouse3_OD_L_2_0_0000036_Structure_0001 rr 10h.TIFF,3,3,3,3,x
458,20200225mouse7_OD_L_2_0_0000046_Structure_0001 rr 1.TIFF,3,3,4,3,x
459,20200226mouse11_OD_L_2_0_0000026_Structure_0001 rr 10h.TIFF,3,3,4,3,x
460,20200226mouse11_OD_L_2_0_0000072_Structure_0001 rr2.TIFF,NA,3,NA,NA,x
461,20200226mouse15_OD_L_2_0_0000026_Structure_0001 rr 10h.TIFF,3,3,4,3,x
462,20200226mouse15_OD_L_2_0_0000046_Structure_0001 rr 1.TIFF,3,3,3,2,x
554,20190514mouse12_OD_L_2_0_0000136_Structure_0001 RR14.TIFF,2,1,1,2,1
464,20200226mouse19_OD_L_2_0_0000022_Structure_0001 rr 10h.TIFF,NA,3,NA,NA,x
465,20200226mouse4_OD_L_2_0_0000026_Structure_0001 rr28.TIFF,NA,3,NA,NA,x
466,20200226mouse5_OD_L_2_0_0000026_Structure_0001 rr28.TIFF,3,3,3,3,x
467,20200303mouse1_OD_L_2_0_0000006_Structure_0001 rr1.TIFF,3,3,3,3,x
468,20200421mouse11_OD_L_2_0_0000006_Structure_0001 RR1.TIFF,3,3,4,3,x
469,20200421mouse11_OD_L_2_0_0000036_Structure_0001 RR14.TIFF,3,3,3,2,x
470,20200421mouse12_OD_L_2_0_0000016_Structure_0001 RR1.TIFF,3,3,3,3,x
471,20200421mouse8_OD_L_2_0_0000026_Structure_0001 RR14.TIFF,3,3,3,2,x
472,20200421mouse8_OD_L_2_0_0000056_Structure_0001 RR21.TIFF,3,2,3,3,x
473,20200507mouse2_OD_L_2_0_0000046_Structure_0001 rr 2.TIFF,3,3,3,4,x
555,20190514mouse13_OD_L_2_0_0000086_Structure_0001 RR14.TIFF,2,2,2,2,1
475,20200507mouse7_OD_L_2_0_0000056_Structure_0001 rr 2.TIFF,3,3,4,3,x
476,20200512mouse1_OD_L_2_0_0000006_Structure_0001 RR1.TIFF,3,3,3,3,x
477,20200512mouse12_OD_L_2_0_0000096_Structure_0001 rr 2.TIFF,3,3,3,4,x
478,20200512mouse15_OD_L_2_0_0000086_Structure_0001 rr 2.TIFF,3,3,3,3,x
479,20200512mouse6_OD_L_2_0_0000006_Structure_0001 RR1.TIFF,3,3,3,2,x
480,20200527mouse6_OD_L_2_0_0000026_Structure_0001 RR7.TIFF,3,2,3,3,x
481,20200710mouse7_OD_L_2_0_0000026_Structure_0001 RR7.TIFF,3,3,3,3,x
482,20200729mouse1_OD_L_2_0_0000066_Structure_0001 RR4.TIFF,3,3,3,4,x
483,20200729mouse2_OD_L_2_0_0000076_Structure_0001 RR4.TIFF,3,3,3,3,x
484,20200729mouse3_OD_L_2_0_0000066_Structure_0001 RR4.TIFF,3,3,3,4,x
562,20190514mouse15_OD_L_2_0_0000226_Structure_0001 RR56.TIFF,2,2,2,2,1
486,20190920mouse2_OD_L_2_0_0000016_Structure_0001 RR 1.TIFF,4,4,4,4,x
487,20190920mouse3_OD_L_2_0_0000006_Structure_0001 RR 1.TIFF,4,4,4,4,x
488,20190925mouse1_OD_L_2_0_0000016_Structure_0001 RR2.TIFF,4,4,4,4,x
489,20190925mouse17_OD_L_2_0_0000006_Structure_0001 RR 1.TIFF,4,4,4,4,x
490,20190925mouse18_OD_L_2_0_0000036_Structure_0001 RR 28.TIFF,4,2,4,4,x
491,20190925mouse2_OD_L_2_0_0000006_Structure_0001 RR2.TIFF,4,4,4,4,x
492,20190925mouse3_OD_L_2_0_0000016_Structure_0001 RR2.TIFF,4,4,4,4,x
493,20190925mouse6_OD_L_2_0_0000006_Structure_0001RR2.TIFF,4,0,4,4,x
494,20190925mouse8_OD_L_2_0_0000006_Structure_0001 RR2.TIFF,4,4,4,4,x
495,20191003mouse1_OD_L_2_0_0000016_Structure_0001 rr 2.TIFF,4,4,4,4,x
496,20191003mouse1_OD_L_2_0_0000036_Structure_0001 rr35.TIFF,4,4,4,4,x
497,20191003mouse3_OD_L_2_0_0000016_Structure_0001 rr2.TIFF,4,4,4,4,x
498,20191003mouse3_OD_L_2_0_0000026_Structure_0001 rr35.TIFF,4,3,4,4,x
499,20191003mouse5_OD_L_2_0_0000022_Structure_0001 rr2.TIFF,4,4,4,4,x
500,20191003mouse6_OD_L_2_0_0000016_Structure_0001 rr2.TIFF,4,4,4,4,x
591,20190619mouse9_OD_L_2_0_0000026_Structure_0001 RR2.TIFF,2,2,2,2,1
502,20200207mouse7_OD_L_2_0_0000036_Structure_0001 28rr.TIFF,4,4,4,4,x
503,20200220mouse10_OD_L_2_0_0000016_Structure_0001 rr1.TIFF,4,4,4,4,x
504,20200220mouse2_OD_L_2_0_0000006_Structure_0001 rr1.TIFF,4,4,4,4,x
505,20200220mouse4_OD_L_2_0_0000006_Structure_0001 rr1.TIFF,4,4,3,4,x
506,20200220mouse6_OD_L_2_0_0000006_Structure_0001 rr1.TIFF,4,4,4,3,x
507,20200221mouse1_OD_L_2_0_0000036_Structure_0001 rr28.TIFF,4,4,4,4,x
508,20200221mouse2_OD_L_2_0_0000016_Structure_0001 rr1.TIFF,4,4,4,4,x
609,20190619mouse13_OD_L_2_0_0000056_Structure_0001 RR3.TIFF,2,2,2,2,1
510,20200221mouse3_OD_L_2_0_0000016_Structure_0001 rr1.TIFF,4,4,4,4,x
511,20200221mouse7_OD_L_2_0_0000006_Structure_0001 rr1.TIFF,4,4,4,4,x
512,20200221mouse9_OD_L_2_0_0000026_Structure_0001 rr28.TIFF,4,4,4,4,x
513,20200226mouse1_OD_L_2_0_0000016_Structure_0001 rr1.TIFF,4,4,4,3,x
514,20200226mouse11_OD_L_2_0_0000046_Structure_0001 rr 1.TIFF,4,4,4,4,x
515,20200226mouse12_OD_L_2_0_0000032_Structure_0001 rr 10h.TIFF,4,4,4,4,x
516,20200226mouse14_OD_L_2_0_0000046_Structure_0001 rr 1 .TIFF,4,4,4,4,x
517,20200226mouse14_OD_L_2_0_0000056_Structure_0001 rr2.TIFF,4,4,4,NA,x
623,20190626mouse7_OD_L_2_0_0000016_Structure_0001 RR1.TIFF,2,2,1,2,1
519,20200226mouse17_OD_L_2_0_0000042_Structure_0001 rr 1.TIFF,4,4,4,4,x
520,20200226mouse3_OD_L_2_0_0000006_Structure_0001 rr1.TIFF,4,4,4,4,x
521,20200226mouse5_OD_L_2_0_0000006_Structure_0001 RR1.TIFF,4,4,4,4,x
522,20200226mouse7_OD_L_2_0_0000006_Structure_0001 RR1.TIFF,4,4,4,4,x
523,20200226mouse8_OD_L_2_0_0000036_Structure_0001 rr28.TIFF,4,4,4,4,x
524,20200226mouse9_OD_L_2_0_0000042_Structure_0001 rr28.TIFF,4,4,4,4,x
525,20200303mouse2_OD_L_2_0_0000032_Structure_0001 rr 1.TIFF,4,4,4,4,x
526,20200303mouse3_OD_L_2_0_0000046_Structure_0001 rr 1.TIFF,4,4,4,4,x
527,20200303mouse4_OD_L_2_0_0000076_Structure_0001 rr 1.TIFF,4,4,4,0.5,x
528,20200421mouse17_OD_L_2_0_0000006_Structure_0001 RR1.TIFF,4,4,4,4,x
529,20200421mouse18_OD_L_2_0_0000016_Structure_0001 RR1.TIFF,4,4,4,3,x
530,20200421mouse21_OD_L_2_0_0000006_Structure_0001 RR1.TIFF,4,4,4,3,x
531,20200507mouse4_OD_L_2_0_0000036_Structure_0001 rr 24h.TIFF,4,4,4,4,x
532,20200512mouse11_OD_L_2_0_0000096_Structure_0001 rr 2.TIFF,4,4,4,4,x
626,20190626mouse10_OD_L_2_0_0000006_Structure_0001 RR2.TIFF,2,1,2,2,1
534,20200527mouse6_OD_L_2_0_0000012_Structure_0001 RR1.TIFF,4,4,4,4,x
535,20200527mouse9_OD_L_2_0_0000006_Structure_0001 RR1.TIFF,4,4,4,4,x
536,20200604mouse6_OD_L_2_0_0000056_Structure_0001 rr 1.TIFF,4,4,4,4,x
537,20200710mouse10_OD_L_2_0_0000016_Structure_0001 RR1.TIFF,4,3,4,4,x
538,20200710mouse6_OD_L_2_0_0000036_Structure_0001 RR7.TIFF,4,4,4,4,x
539,20200710mouse8_OD_L_2_0_0000012_Structure_0001 RR1.TIFF,4,4,4,4,x
540,20190423mouse3_OD_L_2_0_0000006_Structure_0001 rr1.TIFF,0.5,0.5,0.5,0,x
541,20190423mouse3_OD_L_2_0_0000048_Structure_0001 rr2.TIFF,0,0,0,0,x
542,20190423mouse5_OD_L_2_0_0000032_Structure_0001 RR2.TIFF,2,2,2,2,x
543,20190423mouse5_OD_L_2_0_0000006_Structure_0001 RR1.TIFF,1,1,2,1,x
544,20190424mouse1_OD_L_2_0_0000012_Structure_0001 RR1.TIFF,3,3,3,3,x
545,20190424mouse1_OD_L_2_0_0000026_Structure_0001 RR2.TIFF,4,4,3,4,x
546,20190424mouse1_OD_L_2_0_0000046_Structure_0001 RR3.TIFF,4,4,4,4,x
547,20190424mouse1_OD_L_2_0_0000066_Structure_0001 RR6.TIFF,2,2,2,2,x
640,20190806mouse2_OD_L_2_0_0000106_Structure_0001 RR14.TIFF,2,2,2,3,1
549,20190424mouse1_OD_L_2_0_0000086_Structure_0001 RR7.TIFF,2,2,2,2,x
550,20190424mouse8_OD_L_2_0_0000036_Structure_0001 RR2.TIFF,0,0,0,0,x
551,20190424mouse17_OD_L_2_0_0000046_Structure_0001 RR3.TIFF,3,3,3,3,x
552,20190424mouse17_OD_L_2_0_0000066_Structure_0001 RR6.TIFF,2,2,2,1,x
553,20190514mouse11_OD_L_2_0_0000094_Structure_0001 RR14.TIFF,4,4,4,4,x
641,20190806mouse2_OD_L_2_0_0000126_Structure_0001 RR21.TIFF,2,2,2,1,1
650,20190806mouse3_OD_L_2_0_0000096_Structure_0001 RR7.TIFF,2,2,2,2,1
556,20190514mouse15_OD_L_2_0_0000116_Structure_0001 RR14.TIFF,3,3,3,4,x
557,20190514mouse15_OD_L_2_0_0000126_Structure_0001 RR21.TIFF,2,2,2,3,x
558,20190514mouse15_OD_L_2_0_0000146_Structure_0001 RR28.TIFF,2,2,2,3,x
559,20190514mouse15_OD_L_2_0_0000166_Structure_0001 RR35.TIFF,3,3,3,3,x
560,20190514mouse15_OD_L_2_0_0000186_Structure_0001 RR42.TIFF,2,2,2,2,x
561,20190514mouse15_OD_L_2_0_0000206_Structure_0001 RR49.TIFF,2,2,2,2,x
656,20190806mouse4_OD_L_2_0_0000046_Structure_0001 RR3.TIFF,2,2,2,1,1
660,20190806mouse4_OD_L_2_0_0000146_Structure_0001 RR28.TIFF,2,2,2,3,1
564,20190618mouse3_OD_L_2_0_0000016_Structure_0001 RR1.TIFF,2,2,2,1,x
565,20190618mouse4_OD_L_2_0_0000016_Structure_0001 RR1.TIFF,4,3,4,4,x
566,20190618mouse5_OD_L_2_0_0000016_Structure_0001 RR1.TIFF,4,4,4,4,x
567,20190618mouse6_OD_L_2_0_0000016_Structure_0001 RR1.TIFF,4,4,4,3,x
568,20190619mouse6_OD_L_2_0_0000016_Structure_0001 RR1.TIFF,2,2,2,3,x
569,20190619mouse6_OD_L_2_0_0000036_Structure_0001 RR2.TIFF,4,4,4,4,x
570,20190619mouse6_OD_L_2_0_0000079_Structure_0001 RR6.TIFF,0.5,0.5,0.5,0.5,x
571,20190619mouse6_OD_L_2_0_0000109_Structure_0001 RR14.TIFF,0.5,0.5,0.5,1,x
572,20190619mouse6_OD_L_2_0_0000139_Structure_0001 RR21.TIFF,0.5,0.5,1,0.5,x
573,20190619mouse7_OD_L_2_0_0000006_Structure_0001 RR1.TIFF,3,3,3,3,x
574,20190619mouse7_OD_L_2_0_0000026_Structure_0001 RR2.TIFF,2,2,2,3,x
575,20190619mouse7_OD_L_2_0_0000056_Structure_0001 RR3.TIFF,2,2,2,2,x
576,20190619mouse7_OD_L_2_0_0000066_Structure_0001 RR6.TIFF,0.5,0.5,1,0.5,x
577,20190619mouse7_OD_L_2_0_0000096_Structure_0001 RR7.TIFF,0.5,0.5,1,0.5,x
578,20190619mouse7_OD_L_2_0_0000106_Structure_0001 RR14.TIFF,0.5,0.5,0.5,1,x
579,20190619mouse7_OD_L_2_0_0000126_Structure_0001 RR21.TIFF,0.5,0.5,1,0.5,x
580,20190625mouse6_OD_L_2_0_0000006_Structure_0001 RR7.TIFF,1,2,1,1,x
581,20190424mouse1_OD_L_2_0_0000116_Structure_0001 RR14.TIFF,0,2,0,0,x
582,20190514mouse2_OD_L_2_0_0000006_Structure_0001 RR1.TIFF,0.5,0.5,0,0.5,x
661,20190806mouse4_OD_L_2_0_0000166_Structure_0001 RR35.TIFF,3,1,3,3,1
584,20190619mouse6_OD_L_2_0_0000056_Structure_0001 RR3.TIFF,2,2,2,2,x
585,20190619mouse8_OD_L_2_0_0000016_Structure_0001 RR1.TIFF,3,3,3,4,x
586,20190619mouse8_OD_L_2_0_0000036_Structure_0001 RR2.TIFF,2,2,2,2,x
587,20190619mouse8_OD_L_2_0_0000046_Structure_0001 RR3.TIFF,1,1,1,1,x
588,20190619mouse8_OD_L_2_0_0000106_Structure_0001 RR14.TIFF,0.5,0.5,1,0.5,x
589,20190619mouse8_OD_L_2_0_0000126_Structure_0001 RR21.TIFF,0.5,0,0.5,0.5,x
590,20190619mouse9_OD_L_2_0_0000006_Structure_0001 RR1.TIFF,2,2,4,2,x
663,20190806mouse4_OD_L_2_0_0000206_Structure_0001 RR49.TIFF,2,1,2,2,1
592,20190619mouse9_OD_L_2_0_0000046_Structure_0001 RR3.TIFF,1,1,1,1,x
593,20190619mouse9_OD_L_2_0_0000066_Structure_0001 RR6.TIFF,0.5,0.5,0.5,0.5,x
594,20190619mouse9_OD_L_2_0_0000096_Structure_0001 RR7.TIFF,0.5,0.5,0.5,0.5,x
595,20190619mouse9_OD_L_2_0_0000116_Structure_0001 RR14.TIFF,0.5,0.5,0.5,0.5,x
596,20190619mouse10_OD_L_2_0_0000016_Structure_0001 RR1.TIFF,4,4,4,4,x
597,20190619mouse10_OD_L_2_0_0000036_Structure_0001 RR2.TIFF,2,2,2,2,x
598,20190619mouse10_OD_L_2_0_0000056_Structure_0001 RR3.TIFF,2,2,2,2,x
599,20190619mouse10_OD_L_2_0_0000076_Structure_0001 RR6.TIFF,1,0.5,1,1,x
600,20190619mouse10_OD_L_2_0_0000086_Structure_0001 RR7.TIFF,0.5,0.5,0.5,0.5,x
601,20190619mouse11_OD_L_2_0_0000006_Structure_0001 RR1.TIFF,0.5,0.5,0.5,0.5,x
602,20190619mouse11_OD_L_2_0_0000026_Structure_0001 RR2.TIFF,0.5,0.5,0.5,0.5,x
603,20190619mouse12_OD_L_2_0_0000056_Structure_0001 RR3.TIFF,0.5,0.5,0.5,0.5,x
604,20190619mouse12_OD_L_2_0_0000066_Structure_0001 RR6.TIFF,0.5,0.5,1,0.5,x
605,20190619mouse12_OD_L_2_0_0000096_Structure_0001 RR7.TIFF,1,1,1,0.5,x
606,20190619mouse12_OD_L_2_0_0000116_Structure_0001 RR14.TIFF,1,1,1,1,x
607,20190619mouse13_OD_L_2_0_0000006_Structure_0001 RR1.TIFF,1,1,1,0.5,x
608,20190619mouse13_OD_L_2_0_0000026_Structure_0001 RR2.TIFF,0.5,1,0.5,0.5,x
664,20190806mouse4_OD_L_2_0_0000226_Structure_0001 RR56.TIFF,3,1,3,3,1
610,20190619mouse13_OD_L_2_0_0000066_Structure_0001 RR6.TIFF,0.5,0.5,1,0.5,x
666,20190806mouse5_OD_L_2_0_0000096_Structure_0001 RR7.TIFF,2,1,2,2,1
612,20190619mouse13_OD_L_2_0_0000146_Structure_0001 RR28.TIFF,0.5,0.5,0.5,0.5,x
613,20190619mouse13_OD_L_2_0_0000206_Structure_0001 RR49.TIFF,0.5,0.5,0.5,0.5,x
614,20190619mouse14_OD_L_2_0_0000036_Structure_0001 RR2.TIFF,0.5,0.5,0.5,0,x
681,20190806mouse10_OD_L_2_0_0000016_Structure_0001 RR1.TIFF,2,2,2,2,1
616,20190619mouse14_OD_L_2_0_0000096_Structure_0001 RR7.TIFF,0,0.5,0,0,x
617,20190619mouse14_OD_L_2_0_0000106_Structure_0001 RR14.TIFF,0.5,0.5,0.5,0.5,x
618,20190619mouse14_OD_L_2_0_0000136_Structure_0001 RR21.TIFF,0.5,0.5,0.5,0,x
685,20190806mouse11_OD_L_2_0_0000100_Structure_0001 RR7.TIFF,0.5,1,0.5,0.5,1
620,20190619mouse14_OD_L_2_0_0000236_Structure_0001 RR56.TIFF,0.5,0.5,0.5,0.5,x
621,20190626mouse5_OD_L_2_0_0000016_Structure_0001 RR1.TIFF,2,2,2,2,x
622,20190626mouse6_OD_L_2_0_0000006_Structure_0001 RR1.TIFF,2,2,1,2,x
686,20190821mouse1_OD_L_2_0_0000018_Structure_0001 RR1.TIFF,1,3,3,1,1
695,20190821mouse3_OD_L_2_0_0000016_Structure_0001 RR1.TIFF,2,2,2,2,1
625,20190626mouse9_OD_L_2_0_0000006_Structure_0001 RR1.TIFF,2,2,2,3,x
696,20190821mouse3_OD_L_2_0_0000036_Structure_0001 RR2.TIFF,2,1,2,2,1
627,20190626mouse13_OD_L_2_0_0000016_Structure_0001 RR2.TIFF,4,4,4,4,x
628,20190626mouse14_OD_L_2_0_0000006_Structure_0001 RR2.TIFF,4,4,4,4,x
697,20190821mouse3_OD_L_2_0_0000046_Structure_0001 RR3.TIFF,1,3,3,2,1
630,20190806mouse1_OD_L_2_0_0000006_Structure_0001 RR1.TIFF,4,4,4,4,x
703,20190821mouse3_OD_L_2_0_0000196_Structure_0001 RR42.TIFF,2,2,2,2,1
632,20190806mouse1_OD_L_2_0_0000066_Structure_0001 RR3.TIFF,2,2,2,1,x
633,20190806mouse1_OD_L_2_0_0000086_Structure_0001 RR4.TIFF,4,4,4,4,x
706,20190821mouse6_OD_L_2_0_0000026_Structure_0001 RR2.TIFF,2,2,2,2,1
727,20200630mouse3_OD_L_2_0_0000036_Structure_0001 rr10h.TIFF,2,2,2,1,1
636,20190806mouse2_OD_L_2_0_0000016_Structure_0001 RR1.TIFF,2,2,2,4,x
637,20190806mouse2_OD_L_2_0_0000036_Structure_0001 RR2.TIFF,3,3,3,4,x
638,20190806mouse2_OD_L_2_0_0000076_Structure_0001 RR4.TIFF,2,2,2,2,x
639,20190806mouse2_OD_L_2_0_0000086_Structure_0001 RR7.TIFF,2,2,2,2,x
728,20200630mouse3_OD_L_2_0_0000046_Structure_0001 rr1.TIFF,2,2,2,1,1
758,20200707mouse8_OD_L_2_0_0000036_Structure_0001 RR10H.TIFF,2,1,2,2,1
642,20190806mouse2_OD_L_2_0_0000146_Structure_0001 RR28.TIFF,1,1,1,2,x
759,20200707mouse8_OD_L_2_0_0000056_Structure_0001 RR1.TIFF,2,2,2,2,1
761,20200714mouse1_OD_L_2_0_0000053_Structure_0001 RR1.TIFF,2,2,2,2,1
645,20190806mouse2_OD_L_2_0_0000226_Structure_0001 RR56.TIFF,0.5,0.5,0.5,0.5,x
764,20200714mouse2_OD_L_2_0_0000073_Structure_0001 RR2.TIFF,2,2,2,1,1
647,20190806mouse3_OD_L_2_0_0000036_Structure_0001 RR2.TIFF,2,2,2,4,x
648,20190806mouse3_OD_L_2_0_0000056_Structure_0001 RR3.TIFF,2,2,2,3,x
649,20190806mouse3_OD_L_2_0_0000066_Structure_0001 RR4.TIFF,2,2,2,2,x
768,20200714mouse7_OD_L_2_0_0000066_Structure_0001 RR2.TIFF,2,2,2,1,1
813,20200729mouse3_OD_L_2_0_0000036_Structure_0001 rr2.TIFF,2,2,2,1,1
652,20190806mouse3_OD_L_2_0_0000146_Structure_0001 RR28.TIFF,0.5,0.5,0.5,0.5,x
653,20190806mouse3_OD_L_2_0_0000226_Structure_0001 RR56.TIFF,0.5,0.5,0.5,1,x
654,20190806mouse4_OD_L_2_0_0000016_Structure_0001 RR1.TIFF,1,1,1,1,x
655,20190806mouse4_OD_L_2_0_0000026_Structure_0001 RR2.TIFF,1,1,2,1,x
303,20200225mouse5_OD_L_2_0_0000026_Structure_0001 rr 10h.TIFF,1,1,1,2,2
657,20190806mouse4_OD_L_2_0_0000076_Structure_0001 RR4.TIFF,1,1,2,1,x
658,20190806mouse4_OD_L_2_0_0000086_Structure_0001 RR7.TIFF,2,2,2,2,x
330,20200507mouse2_OD_L_2_0_0000036_Structure_0001 rr 24h.TIFF,1,1,2,1,2
384,20190925mouse13_OD_L_2_0_0000006_Structure_0001RR 1.TIFF,3,2,3,3,2
474,20200507mouse4_OD_L_2_0_0000056_Structure_0001 rr 2.TIFF,3,3,3,2,2
662,20190806mouse4_OD_L_2_0_0000196_Structure_0001 RR42.TIFF,1,1,1,0.5,x
688,20190821mouse1_OD_L_2_0_0000048_Structure_0001 RR3.TIFF,3,2,4,2,2
689,20190821mouse1_OD_L_2_0_0000068_Structure_0001 RR6.TIFF,2,2,3,3,2
398,20200221mouse9_OD_L_2_0_0000016_Structure_0001 rr1.TIFF,2,3,2,2,3
421,20200512mouse12_OD_L_2_0_0000076_Structure_0001 rr 24h.TIFF,2,2,3,2,3
667,20190806mouse5_OD_L_2_0_0000156_Structure_0001 RR28.TIFF,0,0,0,3,x
668,20190806mouse6_OD_L_2_0_0000016_Structure_0001 RR1.TIFF,0.5,0.5,0.5,0.5,x
669,20190806mouse6_OD_L_2_0_0000076_Structure_0001 RR4.TIFF,0.5,0.5,0.5,0.5,x
670,20190806mouse6_OD_L_2_0_0000150_Structure_0001 RR21.TIFF,0.5,0.5,0.5,0,x
671,20190806mouse6_OD_L_2_0_0000190_Structure_0001 RR35.TIFF,0.5,0.5,0.5,0.5,x
431,20200527mouse7_OD_L_2_0_0000006_Structure_0001 RR1.TIFF,2,3,2,2,3
435,20200624mouse11_OD_L_2_0_0000126_Structure_0001 RR42.TIFF,2,2,3,2,3
674,20190806mouse8_OD_L_2_0_0000036_Structure_0001 RR2.TIFF,4,4,4,4,x
675,20190806mouse8_OD_L_2_0_0000046_Structure_0001 RR3.TIFF,2,2,2,4,x
676,20190806mouse8_OD_L_2_0_0000066_Structure_0001 RR4.TIFF,2,2,2,2,x
677,20190806mouse8_OD_L_2_0_0000086_Structure_0001 RR7.TIFF,2,2,2,3,x
678,20190806mouse9_OD_L_2_0_0000156_Structure_0001 RR35.TIFF,4,4,4,3,x
679,20190806mouse9_OD_L_2_0_0000166_Structure_0001 RR42.TIFF,4,4,4,3,x
680,20190806mouse9_OD_L_2_0_0000196_Structure_0001 RR49.TIFF,4,4,4,3,x
437,20200624mouse4_OD_L_2_0_0000036_Structure_0001 RR14.TIFF,2,2,2,2,3
682,20190806mouse11_OD_L_2_0_0000006_Structure_0001 RR1.TIFF,4,4,4,3,x
683,20190806mouse11_OD_L_2_0_0000046_Structure_0001 RR3.TIFF,2,2,2,4,x
684,20190806mouse11_OD_L_2_0_0000066_Structure_0001 RR4.TIFF,2,2,2,4,x
485,20190920mouse1_OD_L_2_0_0000006_Structure_0001 RR 1.TIFF,4,3,4,4,3
518,20200226mouse17_OD_L_2_0_0000026_Structure_0001 rr 10h.TIFF,4,3,4,4,3
687,20190821mouse1_OD_L_2_0_0000038_Structure_0001 RR2.TIFF,4,4,4,2,x
533,20200512mouse18_OD_L_2_0_0000096_Structure_0001 rr 2.TIFF,4,3,4,4,3
698,20190821mouse3_OD_L_2_0_0000066_Structure_0001 RR6.TIFF,4,4,4,3,3
690,20190821mouse1_OD_L_2_0_0000088_Structure_0001 RR7.TIFF,2,2,2,3,x
691,20190821mouse2_OD_L_2_0_0000026_Structure_0001 RR2.TIFF,3,3,2,3,x
692,20190821mouse2_OD_L_2_0_0000056_Structure_0001 RR3.TIFF,4,4,4,3,x
693,20190821mouse2_OD_L_2_0_0000076_Structure_0001 RR6.TIFF,2,2,2,2,x
694,20190821mouse2_OD_L_2_0_0000096_Structure_0001 RR7.TIFF,2,2,2,2,x
715,20200207mouse9_OD_L_2_0_0000006_Structure_0001 RR1.TIFF,3,1,1,1,3
751,20200707mouse1_OD_L_2_0_0000026_Structure_0001 RR10H.TIFF,2,2,3,2,3
752,20200707mouse1_OD_L_2_0_0000046_Structure_0001 RR1.TIFF,4,4,4,3,3
445,20190919mouse3_OD_L_2_0_0000006_Structure_0001 RR2.TIFF,3,4,3,3,4
699,20190821mouse3_OD_L_2_0_0000086_Structure_0001 RR7.TIFF,4,4,4,2,x
700,20190821mouse3_OD_L_2_0_0000106_Structure_0001 RR14.TIFF,2,2,3,2,x
701,20190821mouse3_OD_L_2_0_0000126_Structure_0001 RR21.TIFF,2,2,2,2,x
702,20190821mouse3_OD_L_2_0_0000156_Structure_0001 RR28.TIFF,2,2,2,2,x
583,20190514mouse2_OD_L_2_0_0000026_Structure_0001 RR2.TIFF,4,4,2,2,4
29,20200225mouse2_OD_L_2_0_0000048_Structure_0001 rr 1.TIFF,n/a,0,0,0,n/a
705,20190821mouse4_OD_L_2_0_0000026_Structure_0001 RR2.TIFF,0.5,0.5,0.5,0.5,x
289,20200729mouse6_OD_L_2_0_0000066_Structure_0001 RR4.TIFF,n/a,0.5,0.5,0,n/a
297,20200221mouse10_OD_L_2_0_0000006_Structure_0001 rr1.TIFF,n/a,1,1,0.5,n/a
708,20190821mouse7_OD_L_2_0_0000046_Structure_0001 RR3.TIFF,3,3,3,4,x
709,20190821mouse7_OD_L_2_0_0000066_Structure_0001 RR6.TIFF,2,2,2,2,x
710,20190821mouse7_OD_L_2_0_0000086_Structure_0001 RR7.TIFF,2,2,2,2,x
711,20200207mouse2_OD_L_2_0_0000016_Structure_0001 RR1.TIFF,4,4,4,4,x
712,20200207mouse3_OD_L_2_0_0000016_Structure_0001 RR1.TIFF,4,4,4,4,x
713,20200207mouse7_OD_L_2_0_0000016_Structure_0001 RR1.TIFF,4,4,4,4,x
714,20200207mouse8_OD_L_2_0_0000006_Structure_0001 RR1.TIFF,4,4,4,1,x
308,20200226mouse1_OD_L_2_0_0000032_Structure_0001 rr28.TIFF,n/a,1,1,0.5,n/a
716,20200207mouse10_OD_L_2_0_0000012_Structure_0001 RR1.TIFF,2,2,2,2,x
717,20200604mouse1_OD_L_2_0_0000066_Structure_0001 rr2.TIFF,2,2,2,2,x
718,20200604mouse3_OD_L_2_0_0000066_Structure_0001 rr2.TIFF,2,2,2,3,x
719,20200604mouse4_OD_L_2_0_0000066_Structure_0001 rr2.TIFF,0.5,0.5,0,0.5,x
720,20200604mouse6_OD_L_2_0_0000066_Structure_0001 rr2.TIFF,4,4,4,4,x
721,20200604mouse10_OD_L_2_0_0000066_Structure_0001 rr2.TIFF,2,2,2,2,x
722,20200630mouse1_OD_L_2_0_0000036_Structure_0001 rr10h.TIFF,2,2,2,2,x
723,20200630mouse1_OD_L_2_0_0000046_Structure_0001 rr1.TIFF,4,4,4,4,x
724,20200630mouse1_OD_L_2_0_0000066_Structure_0001 rr2.TIFF,4,4,4,4,x
725,20200630mouse2_OD_L_2_0_0000026_Structure_0001 rr10h.TIFF,0.5,0.5,0.5,0.5,x
726,20200630mouse2_OD_L_2_0_0000056_Structure_0001 rr1.TIFF,2,2,2,2,x
332,20200507mouse4_OD_L_2_0_0000036_Structure_0001 rr 10h.TIFF,n/a,1,NA,1,n/a
388,20190925mouse17_OD_L_2_0_0000036_Structure_0001 RR 28.TIFF,n/a,2,2,2,n/a
729,20200630mouse3_OD_L_2_0_0000066_Structure_0001 RR2.TIFF,1,2,1,1,x
730,20200630mouse5_OD_L_2_0_0000050_Structure_0001 rr1.TIFF,2,2,2,2,x
731,20200630mouse6_OD_L_2_0_0000056_Structure_0001 rr1.TIFF,4,4,4,2,x
732,20200630mouse7_OD_L_2_0_0000036_Structure_0001 rr10h.TIFF,0.5,0.5,1,0.5,x
733,20200630mouse7_OD_L_2_0_0000080_Structure_0001 rr1.TIFF,1,1,1,1,x
734,20200630mouse7_OD_L_2_0_0000100_Structure_0001 RR2.TIFF,1,0.5,1,1,x
735,20200630mouse9_OD_L_2_0_0000036_Structure_0001 rr10h.TIFF,0.5,0.5,0.5,0,x
736,20200630mouse9_OD_L_2_0_0000046_Structure_0001 rr1.TIFF,0.5,0.5,0.5,0.5,x
737,20200630mouse9_OD_L_2_0_0000066_Structure_0001 RR2.TIFF,0.5,0.5,1,0.5,x
738,20200630mouse12_OD_L_2_0_0000026_Structure_0001 rr10h.TIFF,0.5,0.5,1,0.5,x
739,20200630mouse12_OD_L_2_0_0000056_Structure_0001 rr1.TIFF,3,3,3,4,x
740,20200630mouse12_OD_L_2_0_0000066_Structure_0001 RR2.TIFF,3,3,3,4,x
393,20200207mouse2_OD_L_2_0_0000026_Structure_0001 28rr.TIFF,n/a,2,2,NA,n/a
742,20200129mouse4_OD_L_2_0_0000006_Structure_0001 RR1.TIFF,3,3,3,3,x
743,20200220mouse3_OD_L_2_0_0000026_Structure_0001 RR53.TIFF,2,2,2,2,x
744,20200220mouse4_OD_L_2_0_0000036_Structure_0001 RR53.TIFF,4,4,4,4,x
745,20200220mouse9_OD_L_2_0_0000036_Structure_0001 RR53.TIFF,4,4,4,4,x
746,20200220mouse10_OD_L_2_0_0000026_Structure_0001 RR53.TIFF,4,4,4,4,x
747,20200303mouse1_OD_L_2_0_0000006_Structure_0001 rr1.TIFF,3,3,3,3,x
748,20200303mouse2_OD_L_2_0_0000032_Structure_0001 RR1.TIFF,4,4,4,4,x
749,20200303mouse3_OD_L_2_0_0000046_Structure_0001 RR1.TIFF,4,4,4,4,x
750,20200303mouse4_OD_L_2_0_0000076_Structure_0001 RR1.TIFF,4,4,4,0.5,x
397,20200220mouse7_OD_L_2_0_0000016_Structure_0001 rr1.TIFF,n/a,2,NA,2,n/a
403,20200226mouse3_OD_L_2_0_0000036_Structure_0001 rr28.TIFF,n/a,2,NA,2,n/a
753,20200707mouse1_OD_L_2_0_0000066_Structure_0001 RR2.TIFF,2,2,2,3,x
754,20200707mouse2_OD_L_2_0_0000036_Structure_0001 RR10H.TIFF,0,0,0,0,x
755,20200707mouse2_OD_L_2_0_0000056_Structure_0001 RR1.TIFF,0.5,0.5,0.5,0,x
756,20200707mouse6_OD_L_2_0_0000056_Structure_0001 RR1.TIFF,0.5,0.5,0.5,0.5,x
757,20200707mouse7_OD_L_2_0_0000046_Structure_0001 RR1.TIFF,3,3,3,3,x
428,20200527mouse11_OD_L_2_0_0000026_Structure_0001 RR7.TIFF,n/a,2,NA,2,n/a
463,20200226mouse16_OD_L_2_0_0000069_Structure_0001 rr 2.TIFF,n/a,3,NA,3,n/a
760,20200707mouse10_OD_L_2_0_0000056_Structure_0001 RR1.TIFF,2,2,2,2,x
501,20191003mouse8_OD_L_2_0_0000036_Structure_0001 rr34.TIFF,n/a,4,4,3,n/a
762,20200714mouse1_OD_L_2_0_0000093_Structure_0001 RR2.TIFF,3,3,3,3,x
763,20200714mouse2_OD_L_2_0_0000046_Structure_0001 RR1.TIFF,3,3,3,2,x
509,20200221mouse2_OD_L_2_0_0000036_Structure_0001 rr28.TIFF,n/a,4,4,4,n/a
765,20200714mouse6_OD_L_2_0_0000056_Structure_0001 RR1.TIFF,3,3,3,2,x
766,20200714mouse6_OD_L_2_0_0000076_Structure_0001 RR2.TIFF,3,3,3,3,x
767,20200714mouse7_OD_L_2_0_0000046_Structure_0001 RR1.TIFF,2,2,1,2,x
563,20190618mouse2_OD_L_2_0_0000016_Structure_0001 RR1.TIFF,n/a,0,0,0,n/a
769,20200714mouse8_OD_L_2_0_0000046_Structure_0001 RR1.TIFF,3,4,3,3,x
770,20200714mouse8_OD_L_2_0_0000076_Structure_0001 RR2.TIFF,3,3,3,1,x
771,20200714mouse10_OD_L_2_0_0000046_Structure_0001 RR1.TIFF,3,3,1,3,x
772,20200714mouse10_OD_L_2_0_0000076_Structure_0001 RR2.TIFF,3,3,3,3,x
773,20200729mouse1_OD_L_2_0_0000046_Structure_0001 RR3.TIFF,2,2,2,3,x
774,20200729mouse1_OD_L_2_0_0000086_Structure_0001 RR6.TIFF,2,2,2,3,x
775,20200729mouse1_OD_L_2_0_0000106_Structure_0001 RR7.TIFF,2,2,2,2,x
776,20200729mouse1_OD_L_2_0_0000126_Structure_0001 RR14.TIFF,2,2,2,1,x
777,20200729mouse1_OD_L_2_0_0000146_Structure_0001 RR21.TIFF,2,2,2,1,x
778,20200729mouse1_OD_L_2_0_0000166_Structure_0001 rr28.TIFF,2,2,2,2,x
779,20200729mouse2_OD_L_2_0_0000056_Structure_0001 RR3.TIFF,4,4,4,4,x
780,20200729mouse2_OD_L_2_0_0000086_Structure_0001 RR6.TIFF,2,2,3,2,x
781,20200729mouse2_OD_L_2_0_0000116_Structure_0001 RR7.TIFF,2,2,2,1,x
782,20200729mouse3_OD_L_2_0_0000046_Structure_0001 RR3.TIFF,2,2,2,2,x
783,20200729mouse3_OD_L_2_0_0000096_Structure_0001 RR6.TIFF,2,2,2,2,x
784,20200729mouse3_OD_L_2_0_0000110_Structure_0001 RR7.TIFF,2,2,2,2,x
785,20200729mouse3_OD_L_2_0_0000150_Structure_0001 RR21.TIFF,2,2,2,1,x
786,20200729mouse3_OD_L_2_0_0000170_Structure_0001 rr28.TIFF,2,2,2,1,x
624,20190626mouse8_OD_L_2_0_0000016_Structure_0001 RR1.TIFF,n/a,0,0,0,n/a
788,20200224mouse2_OD_L_2_0_0000072_Structure_0001 RR1.TIFF,0.5,0.5,0.5,0.5,x
789,20200224mouse2_OD_L_2_0_0000116_Structure_0001 RR2.TIFF,0,0,0,0,x
790,20200224mouse1_OD_L_2_0_0000086_Structure_0001 RR1.TIFF,0.5,0.5,0.5,0.5,x
791,20200224mouse1_OD_L_2_0_0000126_Structure_0001 RR2.TIFF,3,3,3,3,x
792,20200224mouse3_OD_L_2_0_0000086_Structure_0001 RR1.TIFF,3,3,3,3,x
793,20200224mouse3_OD_L_2_0_0000126_Structure_0001 RR2.TIFF,3,3,3,3,x
794,20200224mouse5_OD_L_2_0_0000060_Structure_0001 RR1.TIFF,1,1,1,1,x
795,20200224mouse5_OD_L_2_0_0000080_Structure_0001 RR2.TIFF,1,1,1,1,x
796,20200224mouse1_OD_L_2_0_0000076_Structure_0001 RR10H.TIFF,0.5,0.5,0.5,0.5,x
797,20200224mouse2_OD_L_2_0_0000006_Structure_0001 RR10H.TIFF,0.5,0.5,0.5,0.5,x
798,20200224mouse3_OD_L_2_0_0000066_Structure_0001 RR10H.TIFF,1,1,1,1,x
799,20200224mouse4_OD_L_2_0_0000042_Structure_0001 RR10H.TIFF,0,0,0,0,x
800,20190404mouse2F_OD_L_2_0_0000036_Structure_0001 rr1.TIFF,3,3,4,3,x
801,20190404mouse2F_OD_L_2_0_0000066_Structure_0001 rr 7.TIFF,4,4,4,3,x
665,20190806mouse5_OD_L_2_0_0000006_Structure_0001 RR1.TIFF,n/a,1,1,3,n/a
803,20190402mouse3_OD_L_2_0_0000066_Structure_0001 rr 7.TIFF,1,0.5,1,1,x
804,20200609mouse6_OD_L_2_0_0000016_Structure_0001 RR1.TIFF,2,2,2,2,x
805,20200609mouse8_OD_L_2_0_0000016_Structure_0001 RR1.TIFF,2,2,2,2,x
806,20200609mouse9_OD_L_2_0_0000006_Structure_0001 RR1.TIFF,3,3,3,2,x
807,20200609mouse12_OD_L_2_0_0000016_Structure_0001 RR1.TIFF,4,4,4,4,x
808,20200609mouse15_OD_L_2_0_0000006_Structure_0001 RR1.TIFF,2,2,2,2,x
809,20200609mouse16_OD_L_2_0_0000016_Structure_0001 RR1.TIFF,3,3,3,4,x
810,20200729mouse1_OD_L_2_0_0000006_Structure_0001 rr1.TIFF,1,1,1,0.5,x
811,20200729mouse1_OD_L_2_0_0000026_Structure_0001 rr2.TIFF,4,4,4,4,x
741,20200129mouse3_OD_L_2_0_0000016_Structure_0001 RR1.TIFF,n/a,2,3,2,n/a
812,20200729mouse2_OD_L_2_0_0000036_Structure_0001 rr2.TIFF,n/a,2,2,2,n/a
814,20200729mouse7_OD_L_2_0_0000036_Structure_0001 rr2.TIFF,2,2,2,3,x
815,20200630mouse2_OD_L_2_0_0000076_Structure_0001 rr2.TIFF,NA,NA,NA,0,x
816,20200129mouse2_OD_L_2_0_0000006_Structure_0001 RR1.TIFF,NA,NA,NA,NA,x
817,20200220mouse1_OD_L_2_0_0000026_Structure_0001 RR53.TIFF,NA,NA,NA,NA,x
818,20200220mouse5_OD_L_2_0_0000032_Structure_0001 RR53.TIFF,NA,2,NA,NA,x
819,20200707mouse2_OD_L_2_0_0000076_Structure_0001 RR2.TIFF,NA,NA,NA,0,x
820,20200714mouse3_OD_L_2_0_0000076_Structure_0001 RR2.TIFF,NA,NA,2,NA,x
821,20190618mouse1_OD_L_2_0_0000016_Structure_0001 RR1.TIFF,NA,NA,NA,NA,x
822,20200129mouse1_OD_L_2_0_0000016_Structure_0001 RR1.TIFF,NA,NA,NA,NA,x
823,20200224mouse4_OD_L_2_0_0000088_Structure_0001 RR1.TIFF,NA,NA,NA,0,x
824,20200224mouse4_OD_L_2_0_0000104_Structure_0001 RR2.TIFF,NA,NA,NA,0,x
825,20190806mouse4_OD_L_2_0_0000116_Structure_0001 RR14.TIFF,3,3,3,3,x
826,20190806mouse9_OD_L_2_0_0000036_Structure_0001 RR2.TIFF,NA,2,NA,NA,x
827,20190806mouse9_OD_L_2_0_0000136_Structure_0001 RR28.TIFF,4,4,4,4,x
828,20190806mouse11_OD_L_2_0_0000036_Structure_0001 RR2.TIFF,4,4,4,4,x
