Ordering,Tiff,Score,KLP score,LW score,SJ score,check,1+ Step Diff,Orginial ARVO Score,Comments
1,20190710mouse1_OD_L_4_90_0000363_Structure_0001 RA 49.TIFF,0,0,0,0,x,,,
2,20190710mouse1_OD_L_4_90_0000380_Structure_0001ra 56.TIFF,0,0,0,0,x,,,
3,20190710mouse1_OS_L_4_90_0000370_Structure_0001 LA 49.TIFF,0,0,0,0,x,,,
4,20190710mouse1_OS_L_4_90_0000370_Structure_0001 LA56.TIFF,0,0,0,0,x,,,
5,20190710mouse2_OD_L_4_90_0000344_Structure_0001 RA49.TIFF,0,0,0,0,x,,,
6,20190710mouse2_OD_L_4_90_0000398_Structure_0001 RA56.TIFF,0,0,0,0,x,,,
7,20190710mouse2_OS_L_4_90_0000338_Structure_0001 LA49.TIFF,0,0,0,0,x,,,
8,20190710mouse2_OS_L_4_90_0000408_Structure_0001 LA56.TIFF,0,0,0,0,x,,,
9,20190710mouse3_OD_L_4_90_0000326_Structure_0001 RA49.TIFF,0,0,0,0,x,,,
10,20190710mouse3_OD_L_4_90_0000399_Structure_0001 RA56.TIFF,0,0,0,0,x,,,
11,20190710mouse3_OS_L_4_90_0000329_Structure_0001 LA49.TIFF,0,0,0,0,x,,,
12,20190710mouse3_OS_L_4_90_0000387_Structure_0001 LA56.TIFF,0,0,0,0,x,,,
13,20190919mouse2_OD_L_4_90_0000006_Structure_0001 RA2.TIFF,4,4,4,4,x,,,
14,20190919mouse3_OD_L_4_90_0000016_Structure_0001 RA2.TIFF,4,4,4,4,x,,,
15,20190919mouse4_OD_L_4_90_0000006_Structure_0001 RA2.TIFF,4,4,4,4,x,,,
16,20190919mouse6_OD_L_4_90_0000006_Structure_0001 RA2.TIFF,4,4,4,4,x,,,
17,20190919mouse8_OD_L_4_90_0000016_Structure_0001 RA2.TIFF,4,4,4,4,x,,,
18,20190920mouse1_OD_L_4_90_0000016_Structure_0001 RA 1.TIFF,3,3,2,3,4,,,
19,20190920mouse1_OD_L_4_90_0000036_Structure_0001 RA 55.TIFF,0.5,0,0.5,0.5,x,,,
20,20190920mouse2_OD_L_4_90_0000006_Structure_0001RA 1.TIFF,2,2,2,1,x,,,
21,20190920mouse2_OD_L_4_90_0000026_Structure_0001 RA 55.TIFF,0,0,0,0,x,,,
22,20190920mouse3_OD_L_4_90_0000016_Structure_0001RA 1.TIFF,3,2,3,3,x,,,
23,20190920mouse3_OD_L_4_90_0000036_Structure_0001 RA 55.TIFF,0,0,0,0,x,,,
24,20190920mouse4_OD_L_4_90_0000006_Structure_0001 RA 1.TIFF,2,2,2,2,x,,,
25,20190920mouse4_OD_L_4_90_0000036_Structure_0001 RA 55.TIFF,0,0,0,0,x,,,
26,20190920mouse5_OD_L_4_90_0000016_Structure_0001 RA 1.TIFF,1,1,0.5,1,x,,,
27,20190920mouse5_OD_L_4_90_0000026_Structure_0001 RA 55.TIFF,0,0,0,0,x,,,
28,20190925mouse1_OD_L_4_90_0000006_Structure_0001 RA2.TIFF,3,3,1,3,x,,,
29,20190925mouse1_OD_L_4_90_0000036_Structure_0001 ra 35.TIFF,0,0,0,0,x,,,
30,20190925mouse10_OD_L_4_90_0000012_Structure_0001 RA2.TIFF,2,2,2,2,3,,,
31,20190925mouse10_OD_L_4_90_0000026_Structure_0001 ra35.TIFF,0,0,0,0,0.5,,,edema + 1 cell
32,20190925mouse11_OD_L_4_90_0000016_Structure_0001 RA 1.TIFF,1,1,0,1,x,,,
33,20190925mouse11_OD_L_4_90_0000036_Structure_0001 RA 55.TIFF,0.5,0.5,0.5,0.5,x,,,
34,20190925mouse12_OD_L_4_90_0000006_Structure_0001 RA 1.TIFF,2,1,2,2,x,,,
35,20190925mouse12_OD_L_4_90_0000026_Structure_0001RA 55.TIFF,0.5,0.5,0.5,0,x,,,
36,20190925mouse13_OD_L_4_90_0000016_Structure_0001RA 1.TIFF,2,2,3,2,3,,,
37,20190925mouse13_OD_L_4_90_0000036_Structure_0001RA 55.TIFF,0.5,0.5,0.5,0,0,,,
38,20190925mouse14_OD_L_4_90_0000006_Structure_0001RA 1.TIFF,1,1,0,1,x,,,
39,20190925mouse15_OD_L_4_90_0000016_Structure_0001RA 1.TIFF,3,3,0.5,3,x,,,
40,20190925mouse15_OD_L_4_90_0000036_Structure_0001RA 55.TIFF,2,4,2,2,4,,,
41,20190925mouse16_OD_L_4_90_0000006_Structure_0001 RA 1.TIFF,3,3,3,3,x,,,
42,20190925mouse16_OD_L_4_90_0000026_Structure_0001 RA28.TIFF,1,0.5,1,1,0.5,,,
43,20190925mouse17_OD_L_4_90_0000016_Structure_0001 RA 1.TIFF,4,4,3,4,x,,,
44,20190925mouse17_OD_L_4_90_0000026_Structure_0001 RA28.TIFF,0,0,0,0,x,,,
45,20190925mouse18_OD_L_4_90_0000006_Structure_0001 RA 1.TIFF,4,4,3,4,x,,,
46,20190925mouse18_OD_L_4_90_0000026_Structure_0001 RA28.TIFF,0,0,0,0,x,,,
47,20190925mouse19_OD_L_4_90_0000016_Structure_0001 RA 1.TIFF,3,3,2,3,x,,,
48,20190925mouse19_OD_L_4_90_0000036_Structure_0001 RA28.TIFF,2,0.5,0.5,1,2,x,0.5,
49,20190925mouse2_OD_L_4_90_0000016_Structure_0001 RA2.TIFF,4,4,4,4,x,,,
50,20190925mouse2_OD_L_4_90_0000026_Structure_0001 ra35.TIFF,0.5,0.5,0.5,1,1,,,
51,20190925mouse20_OD_L_4_90_0000006_Structure_0001 RA 1.TIFF,4,4,4,4,x,,,
52,20190925mouse20_OD_L_4_90_0000016_Structure_0001 RA 28.TIFF,removed albino,0.5,0.5,0.5,,x,0.5,removed albino
53,20190925mouse3_OD_L_4_90_0000006_Structure_0001 RA2.TIFF,2,2,2,1,x,,,
54,20190925mouse3_OD_L_4_90_0000036_Structure_0001 ra35.TIFF,0,0,0,0,x,,,
55,20190925mouse4_OD_L_4_90_0000012_Structure_0001 RA2.TIFF,2,0.5,3,0.5,2,x,0.5,
56,20190925mouse4_OD_L_4_90_0000026_Structure_0001 ra35.TIFF,0,0,0,0,x,,,
57,20190925mouse5_OD_L_4_90_0000006_Structure_0001 RA2.TIFF,1,1,1,1,x,,,
58,20190925mouse5_OD_L_4_90_0000036_Structure_0001 ra35.TIFF,1,1,0.5,1,x,,,
59,20190925mouse6_OD_L_4_90_0000016_Structure_0001 RA2.TIFF,4,4,4,4,x,,,
60,20190925mouse6_OD_L_4_90_0000026_Structure_0001 ra35.TIFF,1,0.5,1,1,x,,,
61,20190925mouse7_OD_L_4_90_0000006_Structure_0001 RA2.TIFF,1,1,1,1,x,,,
62,20190925mouse7_OD_L_4_90_0000036_Structure_0001 ra35.TIFF,0.5,0,0.5,0.5,x,,,
63,20190925mouse8_OD_L_4_90_0000016_Structure_0001 RA2.TIFF,3,3,3,1,x,,,
64,20190925mouse8_OD_L_4_90_0000026_Structure_0001 ra35.TIFF,1,0.5,1,1,0.5,,,
65,20190925mouse9_OD_L_4_90_0000006_Structure_0001 RA2.TIFF,1,1,1,1,x,,,
66,20190925mouse9_OD_L_4_90_0000036_Structure_0001 ra35.TIFF,0.5,0.5,0.5,0,0,,,
67,20191003mouse1_OD_L_4_90_0000006_Structure_0001 ra2.TIFF,3,2,3,3,2,,,
68,20191003mouse1_OD_L_4_90_0000026_Structure_0001 ra35.TIFF,1,0.5,1,1,x,,,
69,20191003mouse3_OD_L_4_90_0000006_Structure_0001 ra2.TIFF,4,4,4,4,x,,,
70,20191003mouse3_OD_L_4_90_0000036_Structure_0001 ra35.TIFF,1,1,1,1,x,,,
71,20191003mouse5_OD_L_4_90_0000016_Structure_0001 ra2.TIFF,0.5,0.5,0.5,0.5,x,,,
72,20191003mouse5_OD_L_4_90_0000036_Structure_0001 ra35.TIFF,0,0,0,0,x,,,
73,20191003mouse6_OD_L_4_90_0000006_Structure_0001 ra2.TIFF,0,0,0.5,0,0.5,,,
74,20191003mouse6_OD_L_4_90_0000026_Structure_0001 ra35.TIFF,1,0,1,1,x,,,
75,20191003mouse8_OD_L_4_90_0000006_Structure_0001 ra2.TIFF,0.5,0,0.5,0.5,x,,,
76,20191003mouse8_OD_L_4_90_0000026_Structure_0001 ra34.TIFF,1,1,0.5,1,x,,,
77,20200207mouse1_OD_L_4_90_0000026_Structure_0001 RA28.TIFF,0,0,0,0,x,,,
78,20200207mouse10_OD_L_4_90_0000036_Structure_0001 RA28.TIFF,0,0,0,0,x,,,
79,20200207mouse2_OD_L_4_90_0000036_Structure_0001 RA28.TIFF,3,2,3,3,x,,,
80,20200207mouse3_OD_L_4_90_0000026_Structure_0001 RA28.TIFF,0.5,0.5,0.5,0.5,x,,,
81,20200207mouse4_OD_L_4_90_0000026_Structure_0001 RA28.TIFF,0,0,0.5,0,x,,,
82,20200207mouse5_OD_L_4_90_0000032_Structure_0001 RA28.TIFF,0,0,0,0,x,,,
83,20200207mouse6_OD_L_4_90_0000026_Structure_0001 RA28.TIFF,2,2,2,3,x,,,
84,20200207mouse7_OD_L_4_90_0000026_Structure_0001 RA28.TIFF,1,1,2,1,x,,,
85,20200207mouse8_OD_L_4_90_0000036_Structure_0001 RA28.TIFF,1,1,1,1,x,,,
86,20200207mouse9_OD_L_4_90_0000036_Structure_0001 RA28.TIFF,0.5,0.5,0.5,0.5,x,,,
87,20200220mouse1_OD_L_4_90_0000006_Structure_0001 ra1.TIFF,4,4,4,4,x,,,"duplicate image in ""Unwanted files"" folder "
88,20200220mouse10_OD_L_4_90_0000006_Structure_0001 ra1.TIFF,1,1,1,0.5,x,,,"duplicate image in ""Unwanted files"" folder "
89,20200220mouse2_OD_L_4_90_0000016_Structure_0001 ra1.TIFF,1,1,2,1,2,,,"duplicate image in ""Unwanted files"" folder "
90,20200220mouse3_OD_L_4_90_0000002_Structure_0001 ra1.TIFF,4,4,4,2,x,,,"duplicate image in ""Unwanted files"" folder "
91,20200220mouse4_OD_L_4_90_0000016_Structure_0001 ra1.TIFF,2,2,2,1,x,,,
92,20200220mouse5_OD_L_4_90_0000012_Structure_0001 ra1.TIFF,2,2,2,2,x,,,"duplicate image in ""Unwanted files"" folder "
93,20200220mouse6_OD_L_4_90_0000016_Structure_0001 ra1.TIFF,4,4,4,3,x,,,"duplicate image in ""Unwanted files"" folder "
94,20200220mouse7_OD_L_4_90_0000006_Structure_0001 ra1.TIFF,4,4,4,3,x,,,"duplicate image in ""Unwanted files"" folder "
95,20200220mouse8_OD_L_4_90_0000006_Structure_0001 ra1.TIFF,4,2,4,4,x,,,"duplicate image in ""Unwanted files"" folder "
96,20200220mouse9_OD_L_4_90_0000016_Structure_0001 ra1.TIFF,2,2,2,2,x,,,
97,20200221mouse1_OD_L_4_90_0000006_Structure_0001 ra1.TIFF,3,2,3,3,x,,,
98,20200221mouse1_OD_L_4_90_0000026_Structure_0001 ra28.TIFF,1,1,1,1,x,,,
99,20200221mouse10_OD_L_4_90_0000016_Structure_0001 ra1.TIFF,3,3,3,3,x,,,
100,20200221mouse10_OD_L_4_90_0000022_Structure_0001 ra28.TIFF,1,1,0.5,1,x,,,
101,20200221mouse2_OD_L_4_90_0000006_Structure_0001 ra1.TIFF,1,1,2,1,x,,,
102,20200221mouse2_OD_L_4_90_0000026_Structure_0001 ra28.TIFF,2,0.5,0.5,0.5,2,x,0.5,
103,20200221mouse3_OD_L_4_90_0000006_Structure_0001 ra1.TIFF,2,2,3,2,3,,,
104,20200221mouse3_OD_L_4_90_0000026_Structure_0001 ra28.TIFF,1,1,1,1,x,,,
105,20200221mouse4_OD_L_4_90_0000006_Structure_0001 ra1.TIFF,4,4,4,4,x,,,
106,20200221mouse4_OD_L_4_90_0000022_Structure_0001 ra28.TIFF,0.5,0.5,0.5,0.5,1,,,cells on lens
107,20200221mouse5_OD_L_4_90_0000016_Structure_0001 ra1.TIFF,1,1,1,2,2,,,
108,20200221mouse5_OD_L_4_90_0000026_Structure_0001 ra28.TIFF,2,2,2,2,x,,,
109,20200221mouse6_OD_L_4_90_0000006_Structure_0001 ra1.TIFF,4,4,4,4,x,,,
110,20200221mouse6_OD_L_4_90_0000016_Structure_0001 ra28.TIFF,4,4,4,4,x,,,
111,20200221mouse7_OD_L_4_90_0000012_Structure_0001 ra1.TIFF,2,3,2,2,3,,,
112,20200221mouse7_OD_L_4_90_0000026_Structure_0001 ra28.TIFF,1,1,1,2,2,,,
113,20200221mouse8_OD_L_4_90_0000006_Structure_0001 ra1.TIFF,4,4,4,4,x,,,"duplicate image in ""Unwanted files"" folder "
114,20200221mouse8_OD_L_4_90_0000016_Structure_0001 ra28.TIFF,1,1,1,2,x,,,
115,20200221mouse9_OD_L_4_90_0000006_Structure_0001 ra1.TIFF,1,1,1,2,2,,,
116,20200221mouse9_OD_L_4_90_0000036_Structure_0001 ra28.TIFF,1,1,1,1,x,,,
117,20200225mouse1_OD_L_4_90_0000006_Structure_0001 ra 0.TIFF,0,0,0,0,x,,,
118,20200225mouse1_OD_L_4_90_0000036_Structure_0001 ra 10h .TIFF,3,3,2,3,x,,,
119,20200225mouse1_OD_L_4_90_0000056_Structure_0001 ra 1.TIFF,1,1,1,2,2,,,
120,20200225mouse1_OD_L_4_90_0000062_Structure_0001 ra2.TIFF,1,1,1,2,2,,,"duplicate image in ""Unwanted files"" folder "
121,20200225mouse10_OD_L_4_90_0000016_Structure_0001 ra 0.TIFF,0,0,0,0,x,,,
122,20200225mouse10_OD_L_4_90_0000026_Structure_0001 ra 10h.TIFF,2,2,2,2,3,,,
123,20200225mouse10_OD_L_4_90_0000046_Structure_0001 ra 1.TIFF,2,2,2,3,3,,,
124,20200225mouse10_OD_L_4_90_0000075_Structure_0001 ra2.TIFF,3,3,3,3,x,,,
125,20200225mouse2_OD_L_4_90_0000016_Structure_0001 ra 0.TIFF,0,0,0,0,x,,,
126,20200225mouse2_OD_L_4_90_0000022_Structure_0001 ra 10h.TIFF,2,2,1,2,3,,,
127,20200225mouse2_OD_L_4_90_0000042_Structure_0001 ra 1.TIFF,1,1,1,2,x,,,
128,20200225mouse2_OD_L_4_90_0000068_Structure_0001 ra2.TIFF,2,2,2,2,x,,,
129,20200225mouse3_OD_L_4_90_0000006_Structure_0001 ra 0.TIFF,0,0,0,0,x,,,
130,20200225mouse3_OD_L_4_90_0000026_Structure_0001 ra 10h.TIFF,1,1,2,1,x,,,
131,20200225mouse3_OD_L_4_90_0000052_Structure_0001 ra 1.TIFF,3,3,3,2,x,,,
132,20200225mouse3_OD_L_4_90_0000076_Structure_0001 ra2.TIFF,1,1,1,1,x,,,
133,20200225mouse4_OD_L_4_90_0000016_Structure_0001 ra 0.TIFF,0,0,0,0,x,,,
134,20200225mouse4_OD_L_4_90_0000036_Structure_0001 ra 10h.TIFF,0.5,0.5,0.5,1,x,,,
135,20200225mouse4_OD_L_4_90_0000046_Structure_0001 ra 1.TIFF,3,3,3,3,x,,,
136,20200225mouse4_OD_L_4_90_0000076_Structure_0001 ra2.TIFF,4,4,4,4,x,,,"duplicate image in ""Unwanted files"" folder "
137,20200225mouse5_OD_L_4_90_0000006_Structure_0001 ra 0.TIFF,0,0,0,0,x,,,
138,20200225mouse5_OD_L_4_90_0000032_Structure_0001 ra 10h.TIFF,1,1,1,1,x,,,
139,20200225mouse5_OD_L_4_90_0000046_Structure_0001 ra 1.TIFF,3,3,3,3,4,,,
140,20200225mouse5_OD_L_4_90_0000066_Structure_0001 ra2.TIFF,2,2,1,2,x,,,
141,20200225mouse6_OD_L_4_90_0000016_Structure_0001 ra 0.TIFF,0,0,0,0,x,,,
142,20200225mouse6_OD_L_4_90_0000026_Structure_0001 ra 10h.TIFF,2,2,2,2,x,,,
143,20200225mouse6_OD_L_4_90_0000046_Structure_0001 ra1.TIFF,2,2,2,2,3,,,
144,20200225mouse6_OD_L_4_90_0000076_Structure_0001 ra2.TIFF,3,3,3,2,x,,,"duplicate image in ""Unwanted files"" folder "
145,20200225mouse7_OD_L_4_90_0000006_Structure_0001 ra 0.TIFF,0,0,0,0,x,,,
146,20200225mouse7_OD_L_4_90_0000036_Structure_0001 ra 10h.TIFF,2,1,2,2,3,,,
147,20200225mouse7_OD_L_4_90_0000056_Structure_0001 ra 1.TIFF,2,2,2,2,x,,,
148,20200225mouse7_OD_L_4_90_0000072_Structure_0001 ra2.TIFF,4,4,4,3,x,,,
149,20200225mouse8_OD_L_4_90_0000026_Structure_0001 ra 10h.TIFF,0,0,0,0,x,,,
150,20200225mouse8_OD_L_4_90_0000046_Structure_0001 ra 1.TIFF,0,0,0,0,x,,,
151,20200225mouse8_OD_L_4_90_0000066_Structure_0001 ra2.TIFF,0.5,0.5,0.5,0,x,,,
152,20200225mouse9_OD_L_4_90_0000006_Structure_0001 ra 0.TIFF,0,0,0,0,x,,,
153,20200225mouse9_OD_L_4_90_0000036_Structure_0001 ra 10h.TIFF,1,1,1,1,x,,,
154,20200225mouse9_OD_L_4_90_0000056_Structure_0001 ra 1.TIFF,4,4,4,4,x,,,
155,20200225mouse9_OD_L_4_90_0000066_Structure_0001 ra2.TIFF,4,4,4,3,x,,,"duplicate image in ""Unwanted files"" folder "
156,20200226mouse1_OD_L_4_90_0000006_Structure_0001 ra1.TIFF,4,4,4,4,x,,,
157,20200226mouse1_OD_L_4_90_0000042_Structure_0001 ra28.TIFF,2,2,3,2,x,,,
158,20200226mouse10_OD_L_4_90_0000006_Structure_0001 ra1.TIFF,4,4,4,4,x,,,"duplicate image in ""Unwanted files"" folder "
159,20200226mouse10_OD_L_4_90_0000026_Structure_0001 ra28.TIFF,0,0,0,0,x,,,
160,20200226mouse11_OD_L_4_90_0000016_Structure_0001 ra 0.TIFF,0,0,0,0,x,,,
161,20200226mouse11_OD_L_4_90_0000036_Structure_0001 ra 10h.TIFF,2,2,2,2,3,,,
162,20200226mouse11_OD_L_4_90_0000056_Structure_0001 ra 1.TIFF,2,2,2,3,3,,,
163,20200226mouse11_OD_L_4_90_0000066_Structure_0001 ra2.TIFF,4,4,4,4,x,,,
164,20200226mouse12_OD_L_4_90_0000006_Structure_0001 ra 0.TIFF,0,0,0,0,x,,,
165,20200226mouse12_OD_L_4_90_0000026_Structure_0001 ra 10h.TIFF,3,3,3,3,x,,,
166,20200226mouse12_OD_L_4_90_0000046_Structure_0001 ra 1.TIFF,3,3,3,3,x,,,
167,20200226mouse12_OD_L_4_90_0000068_Structure_0001 ra2.TIFF,2,2,3,2,x,,,
168,20200226mouse13_OD_L_4_90_0000016_Structure_0001 ra 0.TIFF,0,0,0,0,x,,,
169,20200226mouse13_OD_L_4_90_0000036_Structure_0001 ra 10h.TIFF,1,1,1,1,x,,,
170,20200226mouse13_OD_L_4_90_0000056_Structure_0001 ra 1.TIFF,2,2,2,2,x,,,
171,20200226mouse13_OD_L_4_90_0000076_Structure_0001 ra2.TIFF,2,2,2,2,3,,,
172,20200226mouse14_OD_L_4_90_0000006_Structure_0001 ra 0.TIFF,0,0,0,0,x,,,
173,20200226mouse14_OD_L_4_90_0000026_Structure_0001 ra 10h.TIFF,2,2,2,2,x,,,
174,20200226mouse14_OD_L_4_90_0000036_Structure_0001 ra 1.TIFF,2,3,2,2,3,,,
175,20200226mouse14_OD_L_4_90_0000066_Structure_0001 ra2.TIFF,3,3,3,3,x,,,
176,20200226mouse15_OD_L_4_90_0000016_Structure_0001 ra 0.TIFF,0,0,0,0,x,,,
177,20200226mouse15_OD_L_4_90_0000036_Structure_0001 ra 10h.TIFF,2,2,2,2,3,,,
178,20200226mouse15_OD_L_4_90_0000056_Structure_0001 ra 1.TIFF,2,1,2,2,x,,,
179,20200226mouse15_OD_L_4_90_0000066_Structure_0001 ra2.TIFF,4,4,4,4,x,,,
180,20200226mouse16_OD_L_4_90_0000006_Structure_0001 ra 0.TIFF,0,0,0,0,x,,,
181,20200226mouse16_OD_L_4_90_0000026_Structure_0001 ra 10h.TIFF,1,1,1,1,x,,,
182,20200226mouse16_OD_L_4_90_0000049_Structure_0001 ra 1.TIFF,2,2,2,2,3,,,
183,20200226mouse16_OD_L_4_90_0000075_Structure_0001 ra2.TIFF,4,4,4,4,x,,,
184,20200226mouse17_OD_L_4_90_0000016_Structure_0001 ra 0.TIFF,0,0,0,0,x,,,
185,20200226mouse17_OD_L_4_90_0000036_Structure_0001 ra 10h.TIFF,2,2,2,2,x,,,
186,20200226mouse17_OD_L_4_90_0000052_Structure_0001 ra 1.TIFF,4,3,4,4,x,,,
187,20200226mouse17_OD_L_4_90_0000066_Structure_0001 ra2.TIFF,4,4,4,4,x,,,
188,20200226mouse18_OD_L_4_90_0000006_Structure_0001 ra 0.TIFF,0,0,0,0,x,,,
189,20200226mouse18_OD_L_4_90_0000026_Structure_0001 ra 10h.TIFF,4,4,4,4,x,,,
190,20200226mouse18_OD_L_4_90_0000036_Structure_0001 ra 1.TIFF,4,4,4,4,x,,,
191,20200226mouse18_OD_L_4_90_0000046_Structure_0001 ra2.TIFF,4,4,4,4,x,,,
192,20200226mouse19_OD_L_4_90_0000016_Structure_0001 ra 0.TIFF,0,0,0,0,x,,,
193,20200226mouse19_OD_L_4_90_0000032_Structure_0001 ra 10h.TIFF,3,3,3,4,x,,,
194,20200226mouse19_OD_L_4_90_0000052_Structure_0001 ra 1.TIFF,4,4,4,4,x,,,
195,20200226mouse19_OD_L_4_90_0000062_Structure_0001 ra2.TIFF,4,4,4,4,x,,,
196,20200226mouse2_OD_L_4_90_0000006_Structure_0001 ra1.TIFF,3,3,3,4,x,,,"duplicate image in ""Unwanted files"" folder "
197,20200226mouse2_OD_L_4_90_0000016_Structure_0001 ra28.TIFF,1,1,1,1,x,,,
198,20200226mouse3_OD_L_4_90_0000016_Structure_0001 ra1.TIFF,2,2,2,2,3,,,"duplicate image in ""Unwanted files"" folder "
199,20200226mouse3_OD_L_4_90_0000026_Structure_0001 ra28.TIFF,0.5,0.5,0,0.5,x,,,
200,20200226mouse4_OD_L_4_90_0000006_Structure_0001 RA1.TIFF,4,4,3,4,x,,,"duplicate image in ""Unwanted files"" folder "
201,20200226mouse4_OD_L_4_90_0000036_Structure_0001 ra28.TIFF,2,0.5,0.5,0.5,2,x,0.5,
202,20200226mouse5_OD_L_4_90_0000016_Structure_0001 RA1.TIFF,3,3,3,2,x,,,"duplicate image in ""Unwanted files"" folder "
203,20200226mouse5_OD_L_4_90_0000036_Structure_0001 ra28.TIFF,0,0,0,0,x,,,
204,20200226mouse6_OD_L_4_90_0000006_Structure_0001 RA1.TIFF,2,2,2,2,x,,,"duplicate image in ""Unwanted files"" folder "
205,20200226mouse6_OD_L_4_90_0000036_Structure_0001 ra28.TIFF,0.5,0.5,0.5,0.5,1,,,cells on lens
206,20200226mouse7_OD_L_4_90_0000016_Structure_0001 RA1.TIFF,3,3,3,3,x,,,"duplicate image in ""Unwanted files"" folder "
207,20200226mouse7_OD_L_4_90_0000026_Structure_0001 ra28.TIFF,2,2,2,2,x,,,
208,20200226mouse8_OD_L_4_90_0000006_Structure_0001 ra1.TIFF,3,3,3,3,4,,,
209,20200226mouse8_OD_L_4_90_0000026_Structure_0001 ra28.TIFF,0.5,0.5,0.5,1,1,,,cells on lens
210,20200226mouse9_OD_L_4_90_0000016_Structure_0001 ra1.TIFF,2,2,2,2,3,,,
211,20200226mouse9_OD_L_4_90_0000036_Structure_0001 ra28.TIFF,0.5,0.5,0.5,1,1,,,
212,20200303mouse1_OD_L_4_90_0000016_Structure_0001 RA1.TIFF,3,3,4,3,4,,,
213,20200421mouse1_OD_L_4_90_0000016_Structure_0001 RA1.TIFF,0,0,0,0,x,,,
214,20200421mouse1_OD_L_4_90_0000036_Structure_0001 RA14.TIFF,0,0,0,0,x,,,
215,20200421mouse1_OD_L_4_90_0000060_Structure_0001 RA21.TIFF,0,0,0,0,x,,,
216,20200421mouse1_OD_L_4_90_0000080_Structure_0001 ra28.TIFF,0,0,0,0,x,,,
217,20200421mouse1_OD_L_4_90_0000090_Structure_0001 RA35.TIFF,0,0,0,0,x,,,
218,20200421mouse1_OD_L_4_90_0000120_Structure_0001 RA42.TIFF,0,0,0,0,x,,,
219,20200421mouse1_OD_L_4_90_0000140_Structure_0001 RA49.TIFF,0,0,0,0,x,,,
220,20200421mouse1_OD_L_4_90_0000160_Structure_0001 RA54.TIFF,0,0,0,0,x,,,
221,20200421mouse10_OD_L_4_90_0000006_Structure_0001 RA1.TIFF,0.5,0.5,0.5,0.5,x,,,
222,20200421mouse10_OD_L_4_90_0000036_Structure_0001 RA14.TIFF,0,0,0,0,x,,,
223,20200421mouse10_OD_L_4_90_0000042_Structure_0001 ra21.TIFF,0,0,0,0,x,,,
224,20200421mouse10_OD_L_4_90_0000066_Structure_0001 ra28.TIFF,0,0,0,0,x,,,
225,20200421mouse10_OD_L_4_90_0000096_Structure_0001 RA35.TIFF,0,0,0,0,x,,,
226,20200421mouse10_OD_L_4_90_0000106_Structure_0001 RA42.TIFF,0,0,0,0,x,,,
227,20200421mouse10_OD_L_4_90_0000126_Structure_0001 RA49.TIFF,0,0,0,0,x,,,
228,20200421mouse10_OD_L_4_90_0000156_Structure_0001 RA54.TIFF,0,0,0,0,x,,,
229,20200421mouse11_OD_L_4_90_0000016_Structure_0001 RA1.TIFF,0,0,0.5,0,x,,,
230,20200421mouse11_OD_L_4_90_0000026_Structure_0001 RA14.TIFF,0,0,0,0,x,,,
231,20200421mouse11_OD_L_4_90_0000056_Structure_0001 RA21.TIFF,0,0,0,0,x,,,
232,20200421mouse11_OD_L_4_90_0000076_Structure_0001 ra28.TIFF,0,0,0,0,x,,,
233,20200421mouse11_OD_L_4_90_0000086_Structure_0001 RA35.TIFF,0,0,0,0,x,,,
234,20200421mouse11_OD_L_4_90_0000118_Structure_0001 RA42.TIFF,0,0,0,0,x,,,
235,20200421mouse11_OD_L_4_90_0000142_Structure_0001 RA49.TIFF,0,0,0,0,x,,,
236,20200421mouse11_OD_L_4_90_0000152_Structure_0001 RA54.TIFF,0,0,0,0,x,,,
237,20200421mouse12_OD_L_4_90_0000006_Structure_0001 RA1.TIFF,3,3,2,3,x,,,
238,20200421mouse12_OD_L_4_90_0000036_Structure_0001 RA14.TIFF,1,1,1,1,x,,,
239,20200421mouse12_OD_L_4_90_0000046_Structure_0001 RA21.TIFF,1,1,1,1,x,,,
240,20200421mouse12_OD_L_4_90_0000066_Structure_0001 ra28.TIFF,1,1,0,1,x,,,
241,20200421mouse12_OD_L_4_90_0000096_Structure_0001 RA35.TIFF,1,1,0.5,1,x,,,
242,20200421mouse12_OD_L_4_90_0000106_Structure_0001 RA42.TIFF,0.5,0.5,0.5,1,0,,,
243,20200421mouse13_OD_L_4_90_0000016_Structure_0001 RA1.TIFF,0,0,0,0,x,,,
244,20200421mouse13_OD_L_4_90_0000026_Structure_0001 RA14.TIFF,0,0,0,0,x,,,
245,20200421mouse13_OD_L_4_90_0000056_Structure_0001 RA21.TIFF,0,0,0,0,x,,,
246,20200421mouse13_OD_L_4_90_0000076_Structure_0001 ra28.TIFF,0,0,0,0,x,,,
247,20200421mouse14_OD_L_4_90_0000006_Structure_0001 RA1.TIFF,0,0,0,0,x,,,
248,20200421mouse14_OD_L_4_90_0000036_Structure_0001 RA14.TIFF,0,0,0,0,x,,,
249,20200421mouse14_OD_L_4_90_0000046_Structure_0001 RA21.TIFF,0,0,0,0,x,,,
250,20200421mouse14_OD_L_4_90_0000066_Structure_0001 ra28.TIFF,0,0,0,0,x,,,
251,20200421mouse14_OD_L_4_90_0000086_Structure_0001 RA35.TIFF,0,0,0,0,x,,,
252,20200421mouse14_OD_L_4_90_0000116_Structure_0001 RA42.TIFF,0,0,0,0,x,,,
253,20200421mouse14_OD_L_4_90_0000136_Structure_0001 RA49.TIFF,0,0,0,0,x,,,
254,20200421mouse14_OD_L_4_90_0000156_Structure_0001 RA54.TIFF,0,0,0,0,x,,,
255,20200421mouse15_OD_L_4_90_0000016_Structure_0001 RA1.TIFF,0,0,0,0,x,,,
256,20200421mouse15_OD_L_4_90_0000026_Structure_0001 RA14.TIFF,0,0,0,1,x,,,
257,20200421mouse15_OD_L_4_90_0000056_Structure_0001 RA21.TIFF,0,0,0,0,x,,,
258,20200421mouse15_OD_L_4_90_0000076_Structure_0001 ra28.TIFF,0,0,0,0,x,,,
259,20200421mouse15_OD_L_4_90_0000096_Structure_0001 RA35.TIFF,0,0,0,0,x,,,
260,20200421mouse15_OD_L_4_90_0000136_Structure_0001 RA49.TIFF,0,0,0,0,x,,,
261,20200421mouse15_OD_L_4_90_0000146_Structure_0001 RA56.TIFF,0,0,0,0,x,,,
262,20200421mouse16_OD_L_4_90_0000006_Structure_0001 RA1.TIFF,0,0,0,0,x,,,
263,20200421mouse16_OD_L_4_90_0000036_Structure_0001 RA14.TIFF,0,0,0,0,x,,,
264,20200421mouse16_OD_L_4_90_0000046_Structure_0001 RA21.TIFF,0,0,0,0,x,,,
265,20200421mouse16_OD_L_4_90_0000066_Structure_0001 ra28.TIFF,0,0,0,0,x,,,
266,20200421mouse16_OD_L_4_90_0000086_Structure_0001 RA35.TIFF,0,0,0,0,x,,,
267,20200421mouse16_OD_L_4_90_0000116_Structure_0001 RA42.TIFF,0,0,0,0,x,,,
268,20200421mouse16_OD_L_4_90_0000126_Structure_0001 RA49.TIFF,0,0,0,0,x,,,
269,20200421mouse16_OD_L_4_90_0000152_Structure_0001 RA54.TIFF,0,0,0,0,x,,,
270,20200421mouse17_OD_L_4_90_0000016_Structure_0001 RA1.TIFF,0,0,0,0,x,,,
271,20200421mouse17_OD_L_4_90_0000026_Structure_0001 RA14.TIFF,0,0,0,0,x,,,
272,20200421mouse17_OD_L_4_90_0000056_Structure_0001 RA21.TIFF,0,0,0,0,x,,,
273,20200421mouse17_OD_L_4_90_0000076_Structure_0001 ra28.TIFF,0,0,0,0,x,,,
274,20200421mouse18_OD_L_4_90_0000006_Structure_0001 RA1.TIFF,2,2,2,2,x,,,
275,20200421mouse18_OD_L_4_90_0000036_Structure_0001 RA14.TIFF,0,0,0,0,x,,,
276,20200421mouse18_OD_L_4_90_0000046_Structure_0001 RA21.TIFF,0,0,0,0,x,,,
277,20200421mouse18_OD_L_4_90_0000066_Structure_0001 ra28.TIFF,0,0,0,0,x,,,
278,20200421mouse19_OD_L_4_90_0000016_Structure_0001 RA1.TIFF,2,0.5,1,0.5,2,x,0.5,
279,20200421mouse19_OD_L_4_90_0000026_Structure_0001 RA14.TIFF,0,0,0,0,x,,,
280,20200421mouse19_OD_L_4_90_0000056_Structure_0001 RA21.TIFF,0,0,0,0,x,,,
281,20200421mouse19_OD_L_4_90_0000096_Structure_0001 RA28.TIFF,0,0,0,0,x,,,same as image 284
282,20200421mouse2_OD_L_4_90_0000006_Structure_0001 RA1.TIFF,0,0,0,0,x,,,
283,20200421mouse2_OD_L_4_90_0000036_Structure_0001 RA14.TIFF,0,0,0,0,x,,,
284,20200421mouse2_OD_L_4_90_0000046_Structure_0001 RA21.TIFF,0,0,0,0,x,,,
285,20200421mouse2_OD_L_4_90_0000066_Structure_0001 ra28.TIFF,0,0,0,0,x,,,
286,20200421mouse2_OD_L_4_90_0000096_Structure_0001 RA35.TIFF,0,0,0,0,x,,,
287,20200421mouse2_OD_L_4_90_0000106_Structure_0001 RA42.TIFF,0,0,0,0,x,,,
288,20200421mouse2_OD_L_4_90_0000126_Structure_0001 RA49.TIFF,0,0,0,0,x,,,
289,20200421mouse2_OD_L_4_90_0000146_Structure_0001 RA54.TIFF,0,0,0,0,x,,,
290,20200421mouse20_OD_L_4_90_0000012_Structure_0001 RA1.TIFF,2,0.5,0.5,0,2,x,0.5,
291,20200421mouse20_OD_L_4_90_0000048_Structure_0001 RA14.TIFF,0,0,0,0,x,,,
292,20200421mouse20_OD_L_4_90_0000058_Structure_0001 RA21.TIFF,0,0,0,0,x,,,
293,20200421mouse20_OD_L_4_90_0000088_Structure_0001 RA35.TIFF,0,0,0,0,x,,,
294,20200421mouse20_OD_L_4_90_0000118_Structure_0001 RA49.TIFF,0,0,0,0,x,,,
295,20200421mouse20_OD_L_4_90_0000144_Structure_0001 RA54.TIFF,0,0,0,0,x,,,
296,20200421mouse21_OD_L_4_90_0000016_Structure_0001 RA1.TIFF,2,2,2,2,x,,,
297,20200421mouse21_OD_L_4_90_0000026_Structure_0001 RA14.TIFF,0,0,0,0,x,,,
298,20200421mouse21_OD_L_4_90_0000056_Structure_0001 RA21.TIFF,0,0,0,0,x,,,
299,20200421mouse21_OD_L_4_90_0000066_Structure_0001 RA28.TIFF,0,0,0,0,x,,,
300,20200421mouse21_OD_L_4_90_0000086_Structure_0001 RA54.TIFF,0,0,0,0,x,,,
301,20200421mouse22_OD_L_4_90_0000006_Structure_0001 RA1.TIFF,0,0,0.5,0,x,,,
302,20200421mouse22_OD_L_4_90_0000032_Structure_0001 RA14.TIFF,0,0,0,0,x,,,
303,20200421mouse22_OD_L_4_90_0000046_Structure_0001 RA21.TIFF,0,0,0,0,x,,,
304,20200421mouse22_OD_L_4_90_0000076_Structure_0001 RA28.TIFF,0,0,0,0,x,,,
305,20200421mouse22_OD_L_4_90_0000086_Structure_0001 RA35.TIFF,0,0,0,0,x,,,
306,20200421mouse22_OD_L_4_90_0000126_Structure_0001 RA49.TIFF,0,0,0,0,x,,,
307,20200421mouse22_OD_L_4_90_0000146_Structure_0001 RA54.TIFF,0,0,0,0,x,,,
308,20200421mouse3_OD_L_4_90_0000016_Structure_0001 RA1.TIFF,0,0,0,0,x,,,
309,20200421mouse3_OD_L_4_90_0000026_Structure_0001 RA14.TIFF,0,0,0,0,x,,,
310,20200421mouse3_OD_L_4_90_0000056_Structure_0001 RA21.TIFF,0,0,0,0,x,,,
311,20200421mouse3_OD_L_4_90_0000076_Structure_0001 ra28.TIFF,0,0,0,0,x,,,
312,20200421mouse3_OD_L_4_90_0000086_Structure_0001 RA35.TIFF,0,0,0,0,x,,,
313,20200421mouse3_OD_L_4_90_0000116_Structure_0001 RA42.TIFF,0,0,0,0,x,,,
314,20200421mouse3_OD_L_4_90_0000136_Structure_0001 RA49.TIFF,0,0,0,0,x,,,
315,20200421mouse3_OD_L_4_90_0000156_Structure_0001 RA54.TIFF,0,0,0,0,x,,,
316,20200421mouse4_OD_L_4_90_0000006_Structure_0001 RA1.TIFF,0,0,0,0,x,,,
317,20200421mouse4_OD_L_4_90_0000036_Structure_0001 RA14.TIFF,0,0,0,0,x,,,
318,20200421mouse4_OD_L_4_90_0000046_Structure_0001 RA21.TIFF,0,0,0,0,x,,,
319,20200421mouse4_OD_L_4_90_0000066_Structure_0001 ra28.TIFF,0,0,0,0,x,,,
320,20200421mouse5_OD_L_4_90_0000016_Structure_0001 RA1.TIFF,0,0,0,0,x,,,
321,20200421mouse5_OD_L_4_90_0000026_Structure_0001 RA14.TIFF,0,0,0,0,x,,,
322,20200421mouse5_OD_L_4_90_0000056_Structure_0001 RA21.TIFF,0,0,0,0,x,,,
323,20200421mouse5_OD_L_4_90_0000076_Structure_0001 ra28.TIFF,0,0,0,0,x,,,
324,20200421mouse6_OD_L_4_90_0000006_Structure_0001 RA1.TIFF,0,0,0,1,x,,,
325,20200421mouse6_OD_L_4_90_0000036_Structure_0001 RA14.TIFF,0,0,0,0,x,,,
326,20200421mouse6_OD_L_4_90_0000046_Structure_0001 RA21.TIFF,0,0,0,0,x,,,
327,20200421mouse6_OD_L_4_90_0000066_Structure_0001 ra28.TIFF,0,0,0,0,x,,,
328,20200421mouse7_OD_L_4_90_0000016_Structure_0001 RA1.TIFF,2,2,2,2,x,,,
329,20200421mouse7_OD_L_4_90_0000026_Structure_0001 RA14.TIFF,1,1,1,1,x,,,
330,20200421mouse7_OD_L_4_90_0000052_Structure_0001 RA21.TIFF,1,1,1,1,x,,,
331,20200421mouse7_OD_L_4_90_0000076_Structure_0001 ra28.TIFF,1,1,1,1,x,,,
332,20200421mouse8_OD_L_4_90_0000006_Structure_0001 RA1.TIFF,2,2,2,2,x,,,
333,20200421mouse8_OD_L_4_90_0000036_Structure_0001 RA14.TIFF,1,1,1,1,x,,,
334,20200421mouse8_OD_L_4_90_0000046_Structure_0001 RA21.TIFF,1,1,1,1,x,,,
335,20200421mouse8_OD_L_4_90_0000066_Structure_0001 ra28.TIFF,1,1,1,1,x,,,
336,20200421mouse8_OD_L_4_90_0000092_Structure_0001 RA35.TIFF,1,0.5,1,1,2,,,
337,20200421mouse9_OD_L_4_90_0000016_Structure_0001 RA1.TIFF,0.5,0,0.5,0.5,x,,,
338,20200421mouse9_OD_L_4_90_0000026_Structure_0001 RA14.TIFF,0,0,0,0,x,,,
339,20200421mouse9_OD_L_4_90_0000056_Structure_0001 RA21.TIFF,0.5,0.5,0.5,0.5,x,,,
340,20200421mouse9_OD_L_4_90_0000076_Structure_0001 ra28.TIFF,0,0,0,0,x,,,
341,20200421mouse9_OD_L_4_90_0000086_Structure_0001 RA35.TIFF,0,0,0,0,x,,,
342,20200421mouse9_OD_L_4_90_0000116_Structure_0001 RA42.TIFF,0,0,0,0,x,,,
343,20200421mouse9_OD_L_4_90_0000136_Structure_0001 RA49.TIFF,0,0,0,0,x,,,
344,20200421mouse9_OD_L_4_90_0000146_Structure_0001 RA54.TIFF,0,0,0,0,x,,,
345,20200507mouse1_OD_L_4_90_0000016_Structure_0001 RA 0.TIFF,0,0,0,0,x,,,
346,20200507mouse1_OD_L_4_90_0000036_Structure_0001 ra24h.TIFF,3,3,3,3,x,,,
347,20200507mouse1_OD_L_4_90_0000046_Structure_0001 ra 10h.TIFF,3,3,3,3,x,,,
348,20200507mouse1_OD_L_4_90_0000046_Structure_0001 ra2.TIFF,0.5,0.5,0.5,0,x,,,
349,20200507mouse2_OD_L_4_90_0000006_Structure_0001 RA 0.TIFF,0,0,0,0,x,,,
350,20200507mouse2_OD_L_4_90_0000026_Structure_0001 ra 10h.TIFF,1,1,1,0.5,x,,,
351,20200507mouse2_OD_L_4_90_0000026_Structure_0001 ra24h.TIFF,1,1,1,1,x,,,
352,20200507mouse2_OD_L_4_90_0000056_Structure_0001 ra2.TIFF,2,0.5,0.5,0,2,x,0.5,
353,20200507mouse3_OD_L_4_90_0000016_Structure_0001 RA 0.TIFF,0,0,0,0,x,,,
354,20200507mouse3_OD_L_4_90_0000036_Structure_0001 ra10h.TIFF,0.5,0.5,0.5,0,x,,,
355,20200507mouse3_OD_L_4_90_0000036_Structure_0001 ra24h.TIFF,0.5,0.5,0.5,0,x,,,
356,20200507mouse3_OD_L_4_90_0000046_Structure_0001 ra2.TIFF,0.5,0.5,0.5,0.5,x,,,
357,20200507mouse4_OD_L_4_90_0000006_Structure_0001 RA 0.TIFF,0,0,0,0,x,,,
358,20200507mouse4_OD_L_4_90_0000026_Structure_0001 ra 10h.TIFF,4,4,4,4,x,,,
359,20200507mouse4_OD_L_4_90_0000026_Structure_0001 ra24h.TIFF,2,2,2,2,x,,,
360,20200507mouse4_OD_L_4_90_0000046_Structure_0001 ra2.TIFF,0.5,0.5,0.5,0.5,x,,,
361,20200507mouse5_OD_L_4_90_0000016_Structure_0001 RA 0.TIFF,0,0,0,0,x,,,
362,20200507mouse5_OD_L_4_90_0000036_Structure_0001 ra 10h.TIFF,2,2,2,1,x,,,
363,20200507mouse5_OD_L_4_90_0000036_Structure_0001 ra24h.TIFF,1,1,1,0,x,,,
364,20200507mouse5_OD_L_4_90_0000056_Structure_0001 ra2.TIFF,1,1,1,1,x,,,
365,20200507mouse6_OD_L_4_90_0000006_Structure_0001 RA 0.TIFF,0,0,0,0,x,,,
366,20200507mouse6_OD_L_4_90_0000026_Structure_0001 ra24h.TIFF,3,3,3,3,x,,,
367,20200507mouse6_OD_L_4_90_0000040_Structure_0001 ra 10h.TIFF,3,3,3,2,x,,,
368,20200507mouse6_OD_L_4_90_0000070_Structure_0001 ra2.TIFF,3,3,2,3,x,,,
369,20200507mouse7_OD_L_4_90_0000016_Structure_0001 RA 0.TIFF,0,0,0,0,x,,,
370,20200507mouse7_OD_L_4_90_0000036_Structure_0001 ra 10h.TIFF,3,3,3,3,x,,,
371,20200507mouse7_OD_L_4_90_0000036_Structure_0001 ra24h.TIFF,3,3,3,3,x,,,
372,20200507mouse7_OD_L_4_90_0000046_Structure_0001 ra2.TIFF,2,2,3,2,3,,,
373,20200507mouse8_OD_L_4_90_0000006_Structure_0001 RA 0.TIFF,0,0,0,0,x,,,
374,20200507mouse8_OD_L_4_90_0000026_Structure_0001 ra 10h.TIFF,2,2,3,2,3,,,
375,20200507mouse8_OD_L_4_90_0000026_Structure_0001 ra24h.TIFF,3,3,3,3,x,,,
376,20200507mouse8_OD_L_4_90_0000076_Structure_0001 ra2.TIFF,4,4,4,4,x,,,
377,20200512mouse1_OD_L_4_90_0000016_Structure_0001 RA1.TIFF,0.5,0.5,0.5,0,x,,,
378,20200512mouse10_OD_L_4_90_0000006_Structure_0001 RA1.TIFF,0,0,0,0,x,,,
379,20200512mouse11_OD_L_4_90_0000016_Structure_0001 ra 0.TIFF,0,0,0,0,x,,,
380,20200512mouse11_OD_L_4_90_0000066_Structure_0001 ra 10h.TIFF,3,3,3,3,x,,,
381,20200512mouse11_OD_L_4_90_0000086_Structure_0001 ra24h.TIFF,2,2,2,2,x,,,
382,20200512mouse11_OD_L_4_90_0000106_Structure_0001 ra2.TIFF,1,1,1,1,x,,,
383,20200512mouse12_OD_L_4_90_0000016_Structure_0001 ra 0.TIFF,0,0,0,0,x,,,
384,20200512mouse12_OD_L_4_90_0000046_Structure_0001 ra 10h.TIFF,0.5,0.5,1,0.5,x,,,
385,20200512mouse12_OD_L_4_90_0000066_Structure_0001 ra24h.TIFF,3,3,3,3,x,,,
386,20200512mouse12_OD_L_4_90_0000086_Structure_0001 ra2.TIFF,1,1,1,1,x,,,
387,20200512mouse13_OD_L_4_90_0000006_Structure_0001 ra 0.TIFF,0,0,0,0,x,,,
388,20200512mouse13_OD_L_4_90_0000056_Structure_0001 ra 10h.TIFF,1,1,2,1,2,,,
389,20200512mouse13_OD_L_4_90_0000076_Structure_0001 ra24h.TIFF,3,3,3,3,x,,,
390,20200512mouse13_OD_L_4_90_0000096_Structure_0001 ra2.TIFF,2,2,2,2,x,,,
391,20200512mouse14_OD_L_4_90_0000016_Structure_0001 ra 0.TIFF,0,0,0,0,x,,,
392,20200512mouse14_OD_L_4_90_0000046_Structure_0001 ra 10h.TIFF,0.5,0.5,0.5,0.5,x,,,
393,20200512mouse14_OD_L_4_90_0000076_Structure_0001 ra24h.TIFF,0.5,0.5,0.5,0,x,,,
394,20200512mouse14_OD_L_4_90_0000086_Structure_0001 ra2.TIFF,0,0,0.5,0,0.5,,,
395,20200512mouse15_OD_L_4_90_0000006_Structure_0001 ra 0.TIFF,0,0,0,0,x,,,
396,20200512mouse15_OD_L_4_90_0000056_Structure_0001 ra 10h.TIFF,2,2,2,1,x,,,
397,20200512mouse15_OD_L_4_90_0000066_Structure_0001 ra24h.TIFF,0.5,0.5,0.5,0,x,,,
398,20200512mouse15_OD_L_4_90_0000092_Structure_0001 ra2.TIFF,0.5,0.5,0.5,0,x,,,
399,20200512mouse16_OD_L_4_90_0000016_Structure_0001 ra 0.TIFF,0,0,0,0,x,,,
400,20200512mouse16_OD_L_4_90_0000080_Structure_0001 ra 10h.TIFF,2,2,2,2,3,,,
401,20200512mouse16_OD_L_4_90_0000100_Structure_0001 ra24h.TIFF,2,2,2,2,x,,,
402,20200512mouse16_OD_L_4_90_0000120_Structure_0001 ra2.TIFF,0.5,1,0.5,0.5,x,,,
403,20200512mouse17_OD_L_4_90_0000016_Structure_0001 ra 0.TIFF,0,0,0,0,x,,,
404,20200512mouse17_OD_L_4_90_0000056_Structure_0001 ra 10h.TIFF,1,1,2,1,2,,,
405,20200512mouse17_OD_L_4_90_0000076_Structure_0001 ra24h.TIFF,2,2,2,2,x,,,
406,20200512mouse17_OD_L_4_90_0000096_Structure_0001 ra2.TIFF,1,1,1,1,x,,,
407,20200512mouse18_OD_L_4_90_0000006_Structure_0001 ra0.TIFF,0,0,0,0,x,,,
408,20200512mouse18_OD_L_4_90_0000046_Structure_0001 ra 10h.TIFF,0.5,0.5,0.5,0,x,,,
409,20200512mouse18_OD_L_4_90_0000066_Structure_0001 ra24h.TIFF,0.5,0.5,0.5,0,x,,,
410,20200512mouse18_OD_L_4_90_0000086_Structure_0001 ra2.TIFF,1,1,1,1,x,,,
411,20200512mouse2_OD_L_4_90_0000006_Structure_0001 RA1.TIFF,1,1,1,1,x,,,
412,20200512mouse3_OD_L_4_90_0000012_Structure_0001 RA1.TIFF,2,2,2,3,x,,,
413,20200512mouse4_OD_L_4_90_0000006_Structure_0001 RA1.TIFF,0.5,0.5,0.5,0.5,x,,,
414,20200512mouse5_OD_L_4_90_0000016_Structure_0001 RA1.TIFF,2,2,2,2,x,,,
415,20200512mouse6_OD_L_4_90_0000016_Structure_0001 RA1.TIFF,0,0,0,0,0.5,,,
416,20200512mouse7_OD_L_4_90_0000006_Structure_0001 RA1.TIFF,0,0,0,0,x,,,
417,20200512mouse8_OD_L_4_90_0000006_Structure_0001 RA1.TIFF,0,0,0,0,x,,,
418,20200512mouse9_OD_L_4_90_0000016_Structure_0001 RA1.TIFF,0,0.5,0,0,0.5,,,
419,20200521mouse1_OD_L_4_90_0000016_Structure_0001 RA0.TIFF,0,0,0,0,x,,,
420,20200521mouse1_OS_L_4_90_0000006_Structure_0001 LA0.TIFF,0,0,0,0,x,,,
421,20200521mouse2_OD_L_4_90_0000030_Structure_0001 RA0.TIFF,0,0,0,0,x,,,
422,20200521mouse2_OS_L_4_90_0000040_Structure_0001 LA0.TIFF,0,0,0,0,x,,,
423,20200521mouse3_OD_L_4_90_0000016_Structure_0001 RA0.TIFF,0,0,0,0,x,,,
424,20200521mouse3_OS_L_4_90_0000006_Structure_0001 LA0.TIFF,0,0,0,0,x,,,
425,20200527mouse1_OD_L_4_90_0000036_Structure_0001RA 7.TIFF,0.5,0,0.5,0.5,x,,,
426,20200527mouse11_OD_L_4_90_0000016_Structure_0001 RA1.TIFF,0,0,0,0,x,,,
427,20200527mouse11_OD_L_4_90_0000036_Structure_0001 RA7.TIFF,0,0,0,0,x,,,
428,20200527mouse12_OD_L_4_90_0000006_Structure_0001 RA1.TIFF,0,0,0,0,x,,,
429,20200527mouse12_OD_L_4_90_0000026_Structure_0001 RA7.TIFF,0,0,0,0,x,,,
430,20200527mouse2_OD_L_4_90_0000006_Structure_0001 RA1.TIFF,0.5,0.5,0.5,0,x,,,
431,20200527mouse2_OD_L_4_90_0000026_Structure_0001 RA7.TIFF,0,0,0,0,x,,,
432,20200527mouse3_OD_L_4_90_0000016_Structure_0001 RA1.TIFF,2,2,2,2,x,,,
433,20200527mouse3_OD_L_4_90_0000032_Structure_0001 RA7.TIFF,0,0,0,0,x,,,
434,20200527mouse4_OD_L_4_90_0000006_Structure_0001 RA1.TIFF,1,1,1,1,x,,,
435,20200527mouse4_OD_L_4_90_0000026_Structure_0001 RA7.TIFF,0,0,0,0,x,,,
436,20200527mouse5_OD_L_4_90_0000016_Structure_0001 RA1.TIFF,0,0.5,0,0,0.5,,,edema
437,20200527mouse5_OD_L_4_90_0000038_Structure_0001 RA7.TIFF,0,0,0,0,x,,,
438,20200527mouse6_OD_L_4_90_0000006_Structure_0001 RA1.TIFF,1,1,1,1,x,,,
439,20200527mouse6_OD_L_4_90_0000036_Structure_0001 RA7.TIFF,0,0,0,0,x,,,
440,20200527mouse7_OD_L_4_90_0000016_Structure_0001 RA1.TIFF,1,1,1,1,x,,,
441,20200527mouse7_OD_L_4_90_0000026_Structure_0001 RA7.TIFF,0.5,0.5,0.5,0.5,x,,,
442,20200527mouse8_OD_L_4_90_0000006_Structure_0001 RA1.TIFF,2,2,2,2,x,,,
443,20200527mouse8_OD_L_4_90_0000036_Structure_0001 RA7.TIFF,0,0,0,0,x,,,
444,20200527mouse9_OD_L_4_90_0000016_Structure_0001 RA1.TIFF,3,3,3,2,2,,,
445,20200527mouse9_OD_L_4_90_0000026_Structure_0001 RA7.TIFF,0,0,0,0.5,x,,,
446,20200527mouse10_OD_L_4_90_0000006_Structure_0001 RA1.TIFF,1,1,1,1,x,,,
447,20200527mouse10_OD_L_4_90_0000026_Structure_0001 RA7.TIFF,0,0,0.5,0,0.5,,,
448,20200604mouse1_OD_L_4_90_0000016_Structure_0001 a 0.TIFF,0,0,0,0,x,,,
449,20200604mouse1_OD_L_4_90_0000036_Structure_0001 ra 10hr.TIFF,2,2,2,2,x,,,
450,20200604mouse1_OD_L_4_90_0000056_Structure_0001 ra 1.TIFF,1,1,1,0.5,0.5,,,
451,20200604mouse10_OD_L_4_90_0000006_Structure_0001 ra 0.TIFF,0,0,0,0,x,,,
452,20200604mouse10_OD_L_4_90_0000026_Structure_0001 ra 10hr.TIFF,1,1,1,1,x,,,
453,20200604mouse10_OD_L_4_90_0000046_Structure_0001 ra 1.TIFF,1,1,1,1,x,,,
454,20200604mouse2_OD_L_4_90_0000006_Structure_0001 ra 0.TIFF,0,0,0,0,x,,,
455,20200604mouse2_OD_L_4_90_0000030_Structure_0001 ra 10hr.TIFF,1,1,1,1,x,,,
456,20200604mouse2_OD_L_4_90_0000050_Structure_0001 ra 1.TIFF,0.5,0.5,0.5,0,x,,,
457,20200604mouse3_OD_L_4_90_0000016_Structure_0001 ra 0.TIFF,0,0,0,0,x,,,
458,20200604mouse3_OD_L_4_90_0000036_Structure_0001 ra 10hr.TIFF.,1,1,1,1,2,,,
459,20200604mouse3_OD_L_4_90_0000056_Structure_0001 ra 1.TIFF,1,1,1,1,0.5,,,
460,20200604mouse4_OD_L_4_90_0000006_Structure_0001 ra 0.TIFF,0,0,0,0,x,,,
461,20200604mouse4_OD_L_4_90_0000026_Structure_0001 ra 10hr.TIFF,2,2,2,2,x,,,
462,20200604mouse4_OD_L_4_90_0000046_Structure_0001 ra 1.TIFF,2,2,2,3,3,,,
463,20200604mouse5_OD_L_4_90_0000016_Structure_0001 ra 0.TIFF,0,0,0,0,x,,,
464,20200604mouse5_OD_L_4_90_0000036_Structure_0001 ra 10hr.TIFF,0.5,0.5,0.5,0,x,,,
465,20200604mouse5_OD_L_4_90_0000056_Structure_0001 ra 1.TIFF,0.5,0.5,0.5,0.5,x,,,
466,20200604mouse6_OD_L_4_90_0000006_Structure_0001 ra 0.TIFF,0,0,0,0,x,,,
467,20200604mouse6_OD_L_4_90_0000026_Structure_0001 ra 10hr.TIFF,0.5,0.5,0.5,0.5,x,,,
468,20200604mouse6_OD_L_4_90_0000046_Structure_0001 ra 1.TIFF,4,4,4,4,x,,,
469,20200604mouse7_OD_L_4_90_0000016_Structure_0001 ra 0.TIFF,0,0,0,0,x,,,
470,20200604mouse7_OD_L_4_90_0000036_Structure_0001 ra 10hr.TIFF,1,1,1,1,x,,,
471,20200604mouse7_OD_L_4_90_0000056_Structure_0001 ra 1.TIFF,2,2,2,2,3,,,
472,20200604mouse8_OD_L_4_90_0000006_Structure_0001 ra 0.TIFF,0,0,0,0,x,,,
473,20200604mouse8_OD_L_4_90_0000026_Structure_0001 ra 10hr.TIFF,0.5,0.5,0.5,0,x,,,
474,20200604mouse8_OD_L_4_90_0000046_Structure_0001 ra 1.TIFF,2,1,2,2,x,,,
475,20200604mouse9_OD_L_4_90_0000016_Structure_0001 ra 0.TIFF,0,0,0,0,x,,,
476,20200604mouse9_OD_L_4_90_0000036_Structure_0001 ra 10hr.TIFF,1,1,1,1,x,,,
477,20200604mouse9_OD_L_4_90_0000056_Structure_0001 ra 1.TIFF,2,2,2,2,x,,,
478,20200624mouse1_OD_L_4_90_0000036_Structure_0001 ra7.TIFF,0,0,0,0,x,,,
479,20200624mouse1_OD_L_4_90_0000056_Structure_0001 RA14.TIFF,0.5,0.5,0.5,0,x,,,
480,20200624mouse1_OD_L_4_90_0000076_Structure_0001 RA21.TIFF,0.5,0.5,1,0.5,x,,,
481,20200624mouse1_OD_L_4_90_0000096_Structure_0001 RA28.TIFF,0,0,0,0,x,,,
482,20200624mouse1_OD_L_4_90_0000106_Structure_0001 ra35.TIFF,0.5,0.5,0.5,0.5,x,,,
483,20200624mouse1_OD_L_4_90_0000136_Structure_0001 RA42.TIFF,0.5,0.5,0.5,0.5,0,,,
484,20200624mouse1_OD_L_4_90_0000156_Structure_0001 RA49.TIFF,0.5,0.5,0.5,0.5,0,,,
485,20200624mouse10_OD_L_4_90_0000026_Structure_0001 ra7.TIFF,0.5,0.5,0.5,0.5,x,,,
486,20200624mouse10_OD_L_4_90_0000040_Structure_0001 RA14.TIFF,0.5,0.5,0.5,0.5,x,,,
487,20200624mouse10_OD_L_4_90_0000060_Structure_0001 RA21.TIFF,0,0,0,0,x,,,
488,20200624mouse10_OD_L_4_90_0000080_Structure_0001 RA28.TIFF,0,0,0,0,x,,,
489,20200624mouse10_OD_L_4_90_0000110_Structure_0001 ra35.TIFF,0.5,0.5,0.5,0.5,1,,,cells on lens
490,20200624mouse10_OD_L_4_90_0000120_Structure_0001 RA42.TIFF,0,0,0,0,x,,,
491,20200624mouse10_OD_L_4_90_0000140_Structure_0001 RA49.TIFF,0,0,0,0,x,,,
492,20200624mouse11_OD_L_4_90_0000036_Structure_0001 ra7.TIFF,0,0,0,0,x,,,
493,20200624mouse11_OD_L_4_90_0000056_Structure_0001 RA14.TIFF,0,0,0,0,x,,,
494,20200624mouse11_OD_L_4_90_0000076_Structure_0001 RA21.TIFF,0,0,0,0,x,,,
495,20200624mouse11_OD_L_4_90_0000096_Structure_0001 RA28.TIFF,0,0,0,0,x,,,
496,20200624mouse11_OD_L_4_90_0000106_Structure_0001 ra35.TIFF,0,0,0,0,x,,,
497,20200624mouse11_OD_L_4_90_0000136_Structure_0001 RA42.TIFF,0,0,0,0.5,x,,,
498,20200624mouse11_OD_L_4_90_0000156_Structure_0001 RA49.TIFF,0,0,0,0,x,,,
499,20200624mouse2_OD_L_4_90_0000026_Structure_0001 ra7.TIFF,0.5,0.5,0.5,0.5,x,,,
500,20200624mouse2_OD_L_4_90_0000046_Structure_0001 RA14.TIFF,1,1,0,1,x,,,
501,20200624mouse2_OD_L_4_90_0000066_Structure_0001 RA21.TIFF,0,0,0,0,x,,,
502,20200624mouse3_OD_L_4_90_0000036_Structure_0001 ra7.TIFF,0.5,0.5,0.5,0.5,x,,,
503,20200624mouse3_OD_L_4_90_0000058_Structure_0001 RA14.TIFF,1,1,2,1,x,,,
504,20200624mouse3_OD_L_4_90_0000078_Structure_0001 RA21.TIFF,1,1,1,1,x,,,
505,20200624mouse3_OD_L_4_90_0000098_Structure_0001 ra35.TIFF,1,1,1,1,x,,,
506,20200624mouse3_OD_L_4_90_0000108_Structure_0001 RA42.TIFF,0.5,0.5,1,0.5,x,,,
507,20200624mouse3_OD_L_4_90_0000128_Structure_0001 RA49.TIFF,1,1,1,1,x,,,
508,20200624mouse4_OD_L_4_90_0000026_Structure_0001 RA14.TIFF,1,1,1,1,x,,,
509,20200624mouse4_OD_L_4_90_0000046_Structure_0001 RA21.TIFF,1,1,1,1,x,,,
510,20200624mouse4_OD_L_4_90_0000056_Structure_0001 ra7.TIFF,0,1,1,1,0,x,1,
511,20200624mouse4_OD_L_4_90_0000076_Structure_0001 RA28.TIFF,1,1,1,1,x,,,
512,20200624mouse4_OD_L_4_90_0000086_Structure_0001 ra35.TIFF,1,1,0.5,1,x,,,
513,20200624mouse4_OD_L_4_90_0000136_Structure_0001 RA49.TIFF,1,1,1,1,x,,,
514,20200624mouse5_OD_L_4_90_0000026_Structure_0001 ra7.TIFF,0,0,0,0,0.5,,,
515,20200624mouse5_OD_L_4_90_0000076_Structure_0001 RA14.TIFF,0,0,0,0,x,,,
516,20200624mouse5_OD_L_4_90_0000096_Structure_0001 RA21.TIFF,0,0,0,0,x,,,
517,20200624mouse5_OD_L_4_90_0000106_Structure_0001 RA28.TIFF,0,0,0,0,x,,,
518,20200624mouse5_OD_L_4_90_0000136_Structure_0001 ra35.TIFF,0,0,0,0,x,,,
519,20200624mouse5_OD_L_4_90_0000146_Structure_0001 RA42.TIFF,0,0,0,0,x,,,
520,20200624mouse5_OD_L_4_90_0000166_Structure_0001 RA49.TIFF,0,0,0,0,x,,,
521,20200624mouse6_OD_L_4_90_0000026_Structure_0001 ra7.TIFF,0,0,0,0,x,,,
522,20200624mouse6_OD_L_4_90_0000046_Structure_0001 RA14.TIFF,0,0,0,0,x,,,
523,20200624mouse6_OD_L_4_90_0000066_Structure_0001 RA21.TIFF,0,0,0,0,x,,,
524,20200624mouse7_OD_L_4_90_0000036_Structure_0001 ra7.TIFF,0,0,0,0,x,,,
525,20200624mouse7_OD_L_4_90_0000056_Structure_0001 RA14.TIFF,0,0,0,0,x,,,
526,20200624mouse7_OD_L_4_90_0000076_Structure_0001 RA21.TIFF,0,0,0,0,x,,,
527,20200624mouse7_OD_L_4_90_0000096_Structure_0001 RA28.TIFF,0,0,0,0,x,,,
528,20200624mouse7_OD_L_4_90_0000106_Structure_0001 ra35.TIFF,0,0,0,0,x,,,
529,20200624mouse7_OD_L_4_90_0000136_Structure_0001 RA42.TIFF,0,0,0,0,x,,,
530,20200624mouse7_OD_L_4_90_0000156_Structure_0001 RA49.TIFF,0,0,0,0,x,,,
531,20200624mouse8_OD_L_4_90_0000026_Structure_0001 ra7.TIFF,0.5,0.5,0.5,0.5,x,,,
532,20200624mouse8_OD_L_4_90_0000046_Structure_0001 RA14.TIFF,0.5,0.5,0,0.5,0,,,
533,20200624mouse8_OD_L_4_90_0000066_Structure_0001 RA21.TIFF,0,0,0,0,x,,,
534,20200624mouse8_OD_L_4_90_0000086_Structure_0001 RA28.TIFF,0.5,0.5,0,0.5,0,x,0.5,
535,20200624mouse8_OD_L_4_90_0000116_Structure_0001 ra35.TIFF,0,0,0,0,x,,,
536,20200624mouse8_OD_L_4_90_0000126_Structure_0001 RA42.TIFF,0,0,0,0,x,,,
537,20200624mouse8_OD_L_4_90_0000156_Structure_0001 RA49.TIFF,0,0,0,0,x,,,
538,20200624mouse9_OD_L_4_90_0000032_Structure_0001 ra7.TIFF,0,0,0,0,x,,,
539,20200624mouse9_OD_L_4_90_0000050_Structure_0001 RA14.TIFF,0,0,0,0,x,,,
540,20200624mouse9_OD_L_4_90_0000070_Structure_0001 RA21.TIFF,0,0,0,0,x,,,
541,20200624mouse9_OD_L_4_90_0000090_Structure_0001 RA28.TIFF,0,0,0,0,x,,,
542,20200624mouse9_OD_L_4_90_0000100_Structure_0001 ra35.TIFF,0,0,0,0,x,,,
543,20200624mouse9_OD_L_4_90_0000126_Structure_0001 RA42.TIFF,0,0,0,0,x,,,
544,20200624mouse9_OD_L_4_90_0000140_Structure_0001 RA49.TIFF,0,0,0,0,x,,,
545,20200710mouse1_OD_L_4_90_0000036_Structure_0001 RA7.TIFF,0.5,0.5,0,0.5,x,,,
546,20200710mouse10_OD_L_4_90_0000006_Structure_0001 RA1.TIFF,4,4,4,4,x,,,
547,20200710mouse10_OD_L_4_90_0000026_Structure_0001 RA7.TIFF,0,0.5,0,0,x,,,
548,20200710mouse2_OD_L_4_90_0000006_Structure_0001 RA1.TIFF,2,0.5,0.5,0,2,x,0.5,
549,20200710mouse2_OD_L_4_90_0000026_Structure_0001 RA7.TIFF,0,0,0,0,x,,,
550,20200710mouse3_OD_L_4_90_0000018_Structure_0001 RA1.TIFF,2,2,2,2,x,,,
551,20200710mouse3_OD_L_4_90_0000038_Structure_0001 RA7.TIFF,0,0,0,0,x,,,
552,20200710mouse4_OD_L_4_90_0000006_Structure_0001 RA1.TIFF,0.5,0,0.5,0.5,x,,,
553,20200710mouse4_OD_L_4_90_0000026_Structure_0001 RA7.TIFF,0,0,0,0,x,,,
554,20200710mouse5_OD_L_4_90_0000012_Structure_0001 RA1.TIFF,2,2,2,2,x,,,
555,20200710mouse5_OD_L_4_90_0000036_Structure_0001 RA7.TIFF,0,0,0,0,x,,,
556,20200710mouse6_OD_L_4_90_0000006_Structure_0001 RA1.TIFF,4,4,4,4,x,,,
557,20200710mouse6_OD_L_4_90_0000026_Structure_0001 RA7.TIFF,1,1,1,1,x,,,
558,20200710mouse7_OD_L_4_90_0000016_Structure_0001 RA1.TIFF,3,3,3,3,x,,,
559,20200710mouse7_OD_L_4_90_0000036_Structure_0001 RA7.TIFF,1,1,2,1,x,,,
560,20200710mouse8_OD_L_4_90_0000006_Structure_0001 RA1.TIFF,4,4,4,4,x,,,
561,20200710mouse8_OD_L_4_90_0000026_Structure_0001 RA7.TIFF,0.5,0.5,0.5,0.5,x,,,
562,20200710mouse9_OD_L_4_90_0000016_Structure_0001 RA1.TIFF,0.5,0.5,0.5,0.5,x,,,
563,20200710mouse9_OD_L_4_90_0000036_Structure_0001 RA7.TIFF,0,0,0,0,x,,,
564,20200729mouse1_OD_L_4_90_0000076_Structure_0001 RA4.TIFF,0.5,0.5,0.5,0.5,2,x,0.5,
565,20200729mouse4_OD_L_4_90_0000066_Structure_0001 RA4.TIFF,0,0,0,0,x,,,
566,20200729mouse5_OD_L_4_90_0000072_Structure_0001 RA4.TIFF,0,0,0,0,x,,,
567,20200729mouse6_OD_L_4_90_0000056_Structure_0001 RA4.TIFF,2,2,2,1,x,,,
568,20200729mouse7_OD_L_4_90_0000072_Structure_0001 RA4.TIFF,0.5,0.5,0.5,0,x,,,
569,20200729mouse8_OD_L_4_90_0000076_Structure_0001 RA4.TIFF,0.5,0.5,0.5,0,x,,,
570,20190423mouse3_OD_L_4_90_0000016_Structure_0001 ra1.TIFF,2,2,2,3,3,,,
571,20190423mouse3_OD_L_4_90_0000038_Structure_0001 ra 2.TIFF,4,3,4,4,x,,,
572,20190423mouse5_OD_L_4_90_0000016_Structure_0001 RA1.TIFF,0.5,0.5,0.5,0.5,x,,,
573,20190423mouse5_OD_L_4_90_0000026_Structure_0001 RA2.TIFF,1,2,1,1,x,,,
574,20190424mouse1_OD_L_4_90_0000006_Structure_0001 RA1.TIFF,2,2,2,2,x,,,
575,20190424mouse1_OD_L_4_90_0000036_Structure_0001 RA2.TIFF,1,1,2,1,x,,,
576,20190424mouse1_OD_L_4_90_0000056_Structure_0001 RA3.TIFF,1,2,1,1,x,,,
577,20190424mouse1_OD_L_4_90_0000076_Structure_0001 RA6.TIFF,0.5,0.5,0.5,0.5,x,,,
578,20190424mouse1_OD_L_4_90_0000096_Structure_0001 RA7.TIFF,1,1,1,1,x,,,
579,20190424mouse1_OD_L_4_90_0000106_Structure_0001 RA14.TIFF,0,1,0,0,x,,,
580,20190424mouse1_OD_L_4_90_0000236_Structure_0001 RA56.TIFF,1,2,1,1,x,,,
581,20190424mouse8_OD_L_4_90_0000026_Structure_0001 RA2.TIFF,2,2,2,2,x,,,
582,20190424mouse17_OD_L_4_90_0000056_Structure_0001 RA3.TIFF,0,0,0.5,0,x,,,
583,20190424mouse17_OD_L_4_90_0000076_Structure_0001 RA6.TIFF,0,0,0,0,x,,,
584,20190514mouse11_OD_L_4_90_0000104_Structure_0001 RA14.TIFF,1,1,1,1,x,,,
585,20190514mouse12_OD_L_4_90_0000126_Structure_0001RA14.TIFF,1,1,1,1,x,,,
586,20190514mouse13_OD_L_4_90_0000096_Structure_0001 RA14.TIFF,0,0,0,0,x,,,
587,20190514mouse15_OD_L_4_90_0000106_Structure_0001 RA14.TIFF,1,1,1,1,x,,,
588,20190514mouse15_OD_L_4_90_0000136_Structure_0001 RA21.TIFF,1,1,1,1,x,,,
589,20190514mouse15_OD_L_4_90_0000156_Structure_0001 RA28.TIFF,1,1,1,1,x,,,
590,20190514mouse15_OD_L_4_90_0000176_Structure_0001 RA35.TIFF,1,1,1,1,x,,,
591,20190514mouse15_OD_L_4_90_0000196_Structure_0001 RA42.TIFF,1,0.5,1,1,x,,,
592,20190514mouse15_OD_L_4_90_0000216_Structure_0001 RA49.TIFF,1,1,1,1,x,,,
593,20190514mouse15_OD_L_4_90_0000236_Structure_0001 RA56.TIFF,1,1,1,1,x,,,
594,20190618mouse1_OD_L_4_90_0000026_Structure_0001 RA1.TIFF,3,2,3,3,2,,,
595,20190618mouse2_OD_L_4_90_0000026_Structure_0001 RA1.TIFF,1,1,1,2,x,,,
596,20190618mouse3_OD_L_4_90_0000026_Structure_0001 RA1.TIFF,1,1,1,3,x,,,
597,20190618mouse4_OD_L_4_90_0000026_Structure_0001 RA1.TIFF,4,4,4,4,x,,,
598,20190618mouse5_OD_L_4_90_0000026_Structure_0001 RA1.TIFF,3,3,3,4,x,,,
599,20190618mouse6_OD_L_4_90_0000026_Structure_0001 RA1.TIFF,4,4,4,4,x,,,
600,20190619mouse6_OD_L_4_90_0000006_Structure_0001 RA1.TIFF,1,1,1,1,x,,,
601,20190619mouse6_OD_L_4_90_0000026_Structure_0001 RA2.TIFF,2,0.5,0.5,0,2,x,0.5,hypopyon?
602,20190619mouse6_OD_L_4_90_0000069_Structure_0001 RA6.TIFF,0,0,0,0,0.5,,,1 cells
603,20190619mouse6_OD_L_4_90_0000119_Structure_0001 RA14.TIFF,0,0,0,0,x,,,
604,20190619mouse6_OD_L_4_90_0000129_Structure_0001 RA21.TIFF,0,0,0,0,x,,,
605,20190619mouse7_OD_L_4_90_0000016_Structure_0001 RA1.TIFF,0.5,0,0.5,0.5,x,,,
606,20190619mouse7_OD_L_4_90_0000036_Structure_0001 RA2.TIFF,0,0.5,0,0,0.5,,,edema
607,20190619mouse7_OD_L_4_90_0000046_Structure_0001 RA3.TIFF,0,0,0,0,x,,,
608,20190619mouse7_OD_L_4_90_0000076_Structure_0001 RA6.TIFF,0,0,0,0,x,,,
609,20190619mouse7_OD_L_4_90_0000086_Structure_0001 RA7.TIFF,0,0,0,0,x,,,
610,20190619mouse7_OD_L_4_90_0000116_Structure_0001 RA14.TIFF,0,0,0,0,x,,,
611,20190619mouse7_OD_L_4_90_0000136_Structure_0001 RA21.TIFF,0,0,0,0,x,,,
612,20190625mouse6_OD_L_4_90_0000016_Structure_0001 RA7.TIFF,3,3,3,3,x,,,
613,20190514mouse2_OD_L_4_90_0000016_Structure_0001 RA1.TIFF,2,2,2,2,x,,,
614,20190514mouse2_OD_L_4_90_0000036_Structure_0001 RA2.TIFF,3,3,3,3,2,,,
615,20190619mouse6_OD_L_4_90_0000046_Structure_0001 RA3.TIFF,1,1,1,1,x,,,
616,20190619mouse8_OD_L_4_90_0000006_Structure_0001 RA1.TIFF,0.5,0.5,0.5,0,x,,,
617,20190619mouse8_OD_L_4_90_0000026_Structure_0001 RA2.TIFF,0.5,0.5,0.5,1,x,,,
618,20190619mouse8_OD_L_4_90_0000056_Structure_0001 RA3.TIFF,0.5,0.5,0.5,0.5,x,,,
619,20190619mouse8_OD_L_4_90_0000116_Structure_0001 RA14.TIFF,0,0,0,0,x,,,
620,20190619mouse8_OD_L_4_90_0000136_Structure_0001 RA21.TIFF,0,0,0,0,x,,,
621,20190619mouse9_OD_L_4_90_0000016_Structure_0001 RA1.TIFF,2,0.5,0.5,0.5,2,x,0.5,
622,20190619mouse9_OD_L_4_90_0000036_Structure_0001 RA2.TIFF,0,0,0,0,x,,,
623,20190619mouse9_OD_L_4_90_0000056_Structure_0001 RA3.TIFF,0,0,0,0,x,,,
624,20190619mouse9_OD_L_4_90_0000076_Structure_0001 RA6.TIFF,0,0,0,0,x,,,
625,20190619mouse9_OD_L_4_90_0000086_Structure_0001 RA7.TIFF,0,0,0,0,x,,,
626,20190619mouse9_OD_L_4_90_0000106_Structure_0001 RA14.TIFF,0,0,0,0,x,,,
627,20190619mouse10_OD_L_4_90_0000006_Structure_0001 RA1.TIFF,2,2,2,0,x,,,
628,20190619mouse10_OD_L_4_90_0000026_Structure_0001 RA2.TIFF,1,1,1,2,2,,,
629,20190619mouse10_OD_L_4_90_0000046_Structure_0001 RA3.TIFF,0.5,0,0.5,0.5,x,,,
630,20190619mouse10_OD_L_4_90_0000066_Structure_0001 RA6.TIFF,0.5,0.5,0.5,0.5,1,,,layer of cells on lens
631,20190619mouse10_OD_L_4_90_0000096_Structure_0001 RA7.TIFF,0.5,0.5,0.5,0.5,1,,,layer of cells on lens
632,20190619mouse11_OD_L_4_90_0000016_Structure_0001 RA1.TIFF,0,0,0,0,x,,,
633,20190619mouse11_OD_L_4_90_0000036_Structure_0001 RA2.TIFF,0,0,0,0,x,,,
634,20190619mouse11_OD_L_4_90_0000046_Structure_0001 RA3.TIFF,4,4,4,4,x,,,
635,20190619mouse12_OD_L_4_90_0000046_Structure_0001 RA3.TIFF,0,0,0,0,x,,,
636,20190619mouse12_OD_L_4_90_0000076_Structure_0001 RA6.TIFF,0,0,0,0,x,,,
637,20190619mouse12_OD_L_4_90_0000086_Structure_0001 RA7.TIFF,0,0,0,0,x,,,
638,20190619mouse12_OD_L_4_90_0000106_Structure_0001 RA14.TIFF,0,0,0,0,x,,,
639,20190619mouse13_OD_L_4_90_0000016_Structure_0001 RA1.TIFF,0,0,0,0,0.5,,,
640,20190619mouse13_OD_L_4_90_0000036_Structure_0001 RA2.TIFF,0.5,0.5,0.5,0.5,x,,,
641,20190619mouse13_OD_L_4_90_0000046_Structure_0001 RA3.TIFF,0.5,0.5,0.5,0,x,,,
642,20190619mouse13_OD_L_4_90_0000076_Structure_0001 RA6.TIFF,0,0,0,0,x,,,
643,20190619mouse13_OD_L_4_90_0000136_Structure_0001 RA21.TIFF,0.5,0.5,0.5,0.5,x,,,
644,20190619mouse13_OD_L_4_90_0000156_Structure_0001 RA28.TIFF,0,0,0,0,x,,,
645,20190619mouse13_OD_L_4_90_0000216_Structure_0001 RA49.TIFF,0,0,0,0,x,,,
646,20190619mouse14_OD_L_4_90_0000026_Structure_0001 RA2.TIFF,0,0.5,0,0,x,,,
647,20190619mouse14_OD_L_4_90_0000066_Structure_0001 RA6.TIFF,0,0,0,0,0.5,,,
648,20190619mouse14_OD_L_4_90_0000086_Structure_0001 RA7.TIFF,0,0.5,0,0,0.5,,,
649,20190619mouse14_OD_L_4_90_0000116_Structure_0001 RA14.TIFF,0,0,0,0,x,,,
650,20190619mouse14_OD_L_4_90_0000126_Structure_0001 RA21.TIFF,0,0,0,0,x,,,
651,20190619mouse14_OD_L_4_90_0000146_Structure_0001 RA28.TIFF,0,0,0,0,0.5,,,
652,20190619mouse14_OD_L_4_90_0000226_Structure_0001 RA56.TIFF,0,0,0,0,x,,,
653,20190626mouse5_OD_L_4_90_0000006_Structure_0001 RA1.TIFF,0,0,0,0,0.5,,,3 cells
654,20190626mouse6_OD_L_4_90_0000016_Structure_0001 RA1.TIFF,4,4,4,4,x,,,
655,20190626mouse7_OD_L_4_90_0000006_Structure_0001 RA1.TIFF,0.5,0.5,0.5,1,x,,,
656,20190626mouse8_OD_L_4_90_0000006_Structure_0001 RA1.TIFF,4,4,4,4,x,,,
657,20190626mouse9_OD_L_4_90_0000016_Structure_0001 RA1.TIFF,1,1,1,1,x,,,
658,20190626mouse10_OD_L_4_90_0000016_Structure_0001 RA2.TIFF,2,2,2,2,x,,,
659,20190626mouse11_OD_L_4_90_0000006_Structure_0001 RA2.TIFF,4,4,4,4,x,,,
660,20190626mouse12_OD_L_4_90_0000006_Structure_0001 RA2.TIFF,4,4,4,4,x,,,
661,20190626mouse13_OD_L_4_90_0000006_Structure_0001 RA2.TIFF,3,3,3,2,x,,,
662,20190626mouse14_OD_L_4_90_0000016_Structure_0001 RA2.TIFF,1,1,1,1,x,,,
663,20190710mouse3_OD_L_4_90_0000016_Structure_0001 RA1.TIFF,0,3,3,2,0,x,3,misnamed? no way we all missed this
664,20190806mouse1_OD_L_4_90_0000016_Structure_0001 RA1.TIFF,2,2,1,2,x,,,
665,20190806mouse1_OD_L_4_90_0000026_Structure_0001 RA2.TIFF,2,2,2,2,x,,,
666,20190806mouse1_OD_L_4_90_0000056_Structure_0001 RA3.TIFF,2,0.5,0.5,0,2,x,0.5,
667,20190806mouse1_OD_L_4_90_0000076_Structure_0001 RA4.TIFF,2,2,2,2,x,,,
668,20190806mouse1_OD_L_4_90_0000096_Structure_0001 RA7.TIFF,0.5,0.5,0.5,1,x,,,
669,20190806mouse1_OD_L_4_90_0000116_Structure_0001 RA14.TIFF,0,0,0,0,x,,,
670,20190806mouse2_OD_L_4_90_0000006_Structure_0001 RA1.TIFF,3,3,3,2,x,,,
671,20190806mouse2_OD_L_4_90_0000026_Structure_0001 RA2.TIFF,4,4,4,4,x,,,
672,20190806mouse2_OD_L_4_90_0000066_Structure_0001 RA4.TIFF,1,1,0.5,1,0.5,,,edema
673,20190806mouse2_OD_L_4_90_0000096_Structure_0001 RA7.TIFF,0.5,0.5,0.5,0.5,x,,,
674,20190806mouse2_OD_L_4_90_0000116_Structure_0001 RA14.TIFF,0,0,0,0,x,,,
675,20190806mouse2_OD_L_4_90_0000136_Structure_0001 RA21.TIFF,0,0,0,0,x,,,
676,20190806mouse2_OD_L_4_90_0000156_Structure_0001 RA28.TIFF,0,0,0,0,x,,,
677,20190806mouse2_OD_L_4_90_0000186_Structure_0001 RA42.TIFF,0.5,0.5,0.5,0.5,x,,,
678,20190806mouse2_OD_L_4_90_0000216_Structure_0001 RA49.TIFF,0,0,0,0,x,,,
679,20190806mouse2_OD_L_4_90_0000236_Structure_0001 RA56.TIFF,0,0,0,0,x,,,
680,20190806mouse3_OD_L_4_90_0000016_Structure_0001 RA1.TIFF,1,1,1,2,x,,,
681,20190806mouse3_OD_L_4_90_0000026_Structure_0001 RA2.TIFF,1,1,1,0.5,0.5,,,2 cells
682,20190806mouse3_OD_L_4_90_0000046_Structure_0001 RA3.TIFF,0.5,0.5,0.5,0.5,x,,,
683,20190806mouse3_OD_L_4_90_0000076_Structure_0001 RA4.TIFF,0,0,0,0,x,,,
684,20190806mouse3_OD_L_4_90_0000086_Structure_0001 RA7.TIFF,0,0,0,0,x,,,
685,20190806mouse3_OD_L_4_90_0000116_Structure_0001 RA21.TIFF,0,0,0,0,x,,,
686,20190806mouse3_OD_L_4_90_0000136_Structure_0001 RA28.TIFF,0,0,0,0,x,,,
687,20190806mouse3_OD_L_4_90_0000216_Structure_0001 RA56.TIFF,0,0,0,0,x,,,
688,20190806mouse4_OD_L_4_90_0000006_Structure_0001 RA1.TIFF,1,1,1,0.5,0.5,,,
689,20190806mouse4_OD_L_4_90_0000036_Structure_0001 RA2.TIFF,0.5,0.5,0.5,0,x,,,
690,20190806mouse4_OD_L_4_90_0000056_Structure_0001 RA3.TIFF,0,0,0,0,x,,,
691,20190806mouse4_OD_L_4_90_0000066_Structure_0001 RA4.TIFF,0,0,0,0,x,,,
692,20190806mouse4_OD_L_4_90_0000096_Structure_0001 RA7.TIFF,1,1,1,0.5,x,,,
693,20190806mouse4_OD_L_4_90_0000126_Structure_0001 RA21.TIFF,0.5,0.5,0.5,1,x,,,
694,20190806mouse4_OD_L_4_90_0000156_Structure_0001 RA28.TIFF,0.5,0,0.5,0.5,x,,,
695,20190806mouse4_OD_L_4_90_0000176_Structure_0001 RA35.TIFF,0.5,0.5,0.5,0.5,x,,,
696,20190806mouse4_OD_L_4_90_0000186_Structure_0001 RA42.TIFF,0,0,0,0,x,,,
697,20190806mouse4_OD_L_4_90_0000216_Structure_0001 RA49.TIFF,0.5,0.5,1,0.5,0,,,
698,20190806mouse4_OD_L_4_90_0000236_Structure_0001 RA56.TIFF,1,0.5,1,1,x,,,
699,20190806mouse5_OD_L_4_90_0000016_Structure_0001 RA1.TIFF,1,1,2,1,x,,,
700,20190806mouse5_OD_L_4_90_0000086_Structure_0001 RA7.TIFF,0.5,0.5,0.5,0.5,x,,,
701,20190806mouse5_OD_L_4_90_0000146_Structure_0001 RA28.TIFF,0,0,0,0,x,,,
702,20190806mouse6_OD_L_4_90_0000006_Structure_0001 RA1.TIFF,0.5,0.5,0.5,0,x,,,
703,20190806mouse6_OD_L_4_90_0000066_Structure_0001 RA4.TIFF,0,0.5,0,0,0.5,,,edema
704,20190806mouse6_OD_L_4_90_0000160_Structure_0001 RA21.TIFF,0,0,0,0,x,,,
705,20190806mouse6_OD_L_4_90_0000200_Structure_0001 RA35.TIFF,0,0,0.5,0,x,,,
706,20190806mouse6_OD_L_4_90_0000210_Structure_0001 RA42.TIFF,0,0,0,0,x,,,
707,20190806mouse6_OD_L_4_90_0000240_Structure_0001 RA49.TIFF,0,0,0.5,0,x,,,
708,20190806mouse8_OD_L_4_90_0000026_Structure_0001 RA2.TIFF,0.5,1,0.5,0.5,x,,,
709,20190806mouse8_OD_L_4_90_0000056_Structure_0001 RA3.TIFF,0,0.5,0,0,x,,,
710,20190806mouse8_OD_L_4_90_0000076_Structure_0001 RA4.TIFF,1,1,0.5,1,0.5,,,
711,20190806mouse8_OD_L_4_90_0000096_Structure_0001 RA7.TIFF,0.5,0.5,0.5,0.5,x,,,
712,20190806mouse9_OD_L_4_90_0000146_Structure_0001 RA35.TIFF,0.5,0.5,1,0.5,x,,,
713,20190806mouse9_OD_L_4_90_0000176_Structure_0001 RA42.TIFF,0.5,0.5,0.5,0.5,x,,,
714,20190806mouse9_OD_L_4_90_0000186_Structure_0001 RA49.TIFF,0.5,0.5,0.5,0.5,x,,,
715,20190806mouse10_OD_L_4_90_0000006_Structure_0001 RA1.TIFF,1,1,1,1,x,,,
716,20190806mouse11_OD_L_4_90_0000016_Structure_0001 RA1.TIFF,0.5,1,0.5,0.5,x,,,
717,20190806mouse11_OD_L_4_90_0000026_Structure_0001 RA2.TIFF,2,2,2,3,x,,,
718,20190806mouse11_OD_L_4_90_0000056_Structure_0001 RA3.TIFF,1,1,1,0.5,0.5,,,1 cell
719,20190806mouse11_OD_L_4_90_0000076_Structure_0001 RA4.TIFF,0.5,0.5,0.5,0,x,,,
720,20190806mouse11_OD_L_4_90_0000086_Structure_0001 RA7.TIFF,0.5,0.5,0.5,0.5,x,,,
721,20190821mouse1_OD_L_4_90_0000007_Structure_0001 RA1.TIFF,1,1,1,2,x,,,
722,20190821mouse1_OD_L_4_90_0000028_Structure_0001 RA2.TIFF,1,1,2,1,2,,,
723,20190821mouse1_OD_L_4_90_0000058_Structure_0001 RA3.TIFF,0,0,0,0,x,,,
724,20190821mouse1_OD_L_4_90_0000078_Structure_0001 RA6.TIFF,0,0,0,0,x,,,
725,20190821mouse1_OD_L_4_90_0000098_Structure_0001 RA7.TIFF,0.5,0.5,0.5,0.5,x,,,
726,20190821mouse2_OD_L_4_90_0000036_Structure_0001 RA2.TIFF,1,1,1,1,x,,,
727,20190821mouse2_OD_L_4_90_0000046_Structure_0001 RA3.TIFF,1,1,2,1,x,,,
728,20190821mouse2_OD_L_4_90_0000066_Structure_0001 RA6.TIFF,1,1,1,1,x,,,
729,20190821mouse2_OD_L_4_90_0000086_Structure_0001 RA7.TIFF,1,0.5,1,1,x,,,
730,20190821mouse3_OD_L_4_90_0000006_Structure_0001 RA1.TIFF,0.5,0.5,1,0.5,x,,,
731,20190821mouse3_OD_L_4_90_0000026_Structure_0001 RA2.TIFF,0.5,0.5,0.5,0,x,,,
732,20190821mouse3_OD_L_4_90_0000056_Structure_0001 RA3.TIFF,0.5,0.5,0.5,1,x,,,
733,20190821mouse3_OD_L_4_90_0000076_Structure_0001 RA6.TIFF,0,0,0,0,x,,,
734,20190821mouse3_OD_L_4_90_0000096_Structure_0001 RA7.TIFF,0.5,0.5,0.5,0.5,x,,,
735,20190821mouse3_OD_L_4_90_0000116_Structure_0001 RA14.TIFF,0,0,0,0,x,,,
736,20190821mouse3_OD_L_4_90_0000136_Structure_0001 RA21.TIFF,0.5,0.5,0,0.5,0,,,
737,20190821mouse3_OD_L_4_90_0000146_Structure_0001 RA28.TIFF,0.5,0.5,0.5,0.5,x,,,
738,20190821mouse3_OD_L_4_90_0000186_Structure_0001 RA42.TIFF,0,0,0,0,x,,,
739,20190821mouse4_OD_L_4_90_0000016_Structure_0001 RA1.TIFF,4,4,4,2,x,,,
740,20190821mouse4_OD_L_4_90_0000036_Structure_0001 RA2.TIFF,3,3,3,1,2,,,
741,20190821mouse6_OD_L_4_90_0000036_Structure_0001 RA2.TIFF,1,1,1,1,x,,,
742,20190821mouse7_OD_L_4_90_0000006_Structure_0001 RA1.TIFF,2,2,2,2,x,,,
743,20190821mouse7_OD_L_4_90_0000056_Structure_0001 RA3.TIFF,0.5,0.5,0.5,1,x,,,
744,20190821mouse7_OD_L_4_90_0000076_Structure_0001 RA6.TIFF,0.5,0.5,0.5,0.5,x,,,
745,20190821mouse7_OD_L_4_90_0000096_Structure_0001 RA7.TIFF,0.5,0.5,0.5,0.5,x,,,
746,20190925mouse20_OD_L_4_90_0000006_Structure_0001 RA1.TIFF,4,4,4,4,x,,,
747,20200207mouse2_OD_L_4_90_0000006_Structure_0001 RA1.TIFF,0,0,0,0,x,,,
748,20200207mouse7_OD_L_4_90_0000006_Structure_0001 RA1.TIFF,3,3,3,3,x,,,
749,20200207mouse8_OD_L_4_90_0000016_Structure_0001 RA1.TIFF,3,2,3,3,x,,,
750,20200207mouse9_OD_L_4_90_0000016_Structure_0001 RA1.TIFF,2,2,2,2,x,,,
751,20200207mouse10_OD_L_4_90_0000006_Structure_0001 RA1.TIFF,0.5,1,0.5,0.5,x,,,
752,20200604mouse1_OD_L_4_90_0000076_Structure_0001 ra2.TIFF,0.5,0.5,0.5,0,x,,,
753,20200604mouse3_OD_L_4_90_0000076_Structure_0001 ra2.TIFF,0,0.5,0,0,0.5,,,edema
754,20200604mouse4_OD_L_4_90_0000076_Structure_0001 ra2.TIFF,2,2,2,2,3,,,
755,20200604mouse6_OD_L_4_90_0000076_Structure_0001 ra2.TIFF,2,2,2,2,x,,,
756,20200604mouse10_OD_L_4_90_0000076_Structure_0001 ra2.TIFF,0,0,0,0,x,,,
757,20200630mouse1_OD_L_4_90_0000026_Structure_0001 ra10h.TIFF,2,2,2,2,x,,,
758,20200630mouse1_OD_L_4_90_0000056_Structure_0001 ra1.TIFF,3,3,3,3,x,,,
759,20200630mouse1_OD_L_4_90_0000076_Structure_0001 ra2.TIFF,2,2,2,2,x,,,
760,20200630mouse2_OD_L_4_90_0000036_Structure_0001 ra10h.TIFF,2,2,2,2,x,,,
761,20200630mouse2_OD_L_4_90_0000046_Structure_0001 ra1.TIFF,1,1,1,1,x,,,
762,20200630mouse3_OD_L_4_90_0000026_Structure_0001 RA10H.TIFF,2,2,2,1,1,,,
763,20200630mouse2_OD_L_4_90_0000066_Structure_0001 RA2 .TIFF,0.5,0.5,1,0.5,x,,,
764,20200630mouse3_OD_L_4_90_0000056_Structure_0001 ra1.TIFF,1,1,1,1,x,,,
765,20200630mouse3_OD_L_4_90_0000076_Structure_0001 ra2.TIFF,1,1,1,2,x,,,
766,20200630mouse5_OD_L_4_90_0000060_Structure_0001 ra1.TIFF,1,1,1,0.5,x,,,
767,20200630mouse6_OD_L_4_90_0000046_Structure_0001 ra1.TIFF,2,2,2,2,x,,,
768,20200630mouse7_OD_L_4_90_0000026_Structure_0001 ra10h.TIFF,2,2,1,2,x,,,
769,20200630mouse7_OD_L_4_90_0000070_Structure_0001 ra1.TIFF,2,2,2,2,x,,,
770,20200630mouse7_OD_L_4_90_0000090_Structure_0001 RA2.TIFF,2,2,2,2,x,,,
771,20200630mouse9_OD_L_4_90_0000026_Structure_0001 ra10h.TIFF,3,3,3,3,x,,,
772,20200630mouse9_OD_L_4_90_0000056_Structure_0001 ra1.TIFF,4,4,4,4,x,,,
773,20200630mouse9_OD_L_4_90_0000076_Structure_0001 RA2.TIFF,4,3,3,3,,,,scored as 3 but given 4; file name changed to reflect score 11/7/24
774,20200630mouse12_OD_L_4_90_0000036_Structure_0001 ra10h.TIFF,2,2,2,2,x,,,
775,20200630mouse12_OD_L_4_90_0000046_Structure_0001 ra1.TIFF,1,1,1,2,x,,,
776,20200630mouse12_OD_L_4_90_0000076_Structure_0001 RA2.TIFF,2,2,2,2,3,,,
777,20200129mouse1_OD_L_4_90_0000006_Structure_0001 RA1.TIFF,4,4,4,3,x,,,
778,20200129mouse2_OD_L_4_90_0000016_Structure_0001 RA1.TIFF,3,3,3,3,x,,,
779,20200129mouse3_OD_L_4_90_0000006_Structure_0001 RA1.TIFF,2,2,3,2,x,,,
780,20200129mouse4_OD_L_4_90_0000016_Structure_0001 RA1.TIFF,4,4,4,4,x,,,
781,20200130mouse5_OD_L_4_90_0000006_Structure_0001 RA1.TIFF,4,4,4,3,x,,,
782,20200220mouse1_OD_L_4_90_0000036_Structure_0001 RA53.TIFF,1,1,2,1,x,,,
783,20200220mouse2_OD_L_4_90_0000026_Structure_0001 RA53.TIFF,1,1,2,1,2,,,
784,20200220mouse3_OD_L_4_90_0000036_Structure_0001 RA53.TIFF,3,3,3,1,x,,,
785,20200220mouse4_OD_L_4_90_0000026_Structure_0001 RA53.TIFF,0,0,0,0,x,,,
786,20200220mouse5_OD_L_4_90_0000042_Structure_0001 RA53.TIFF,0.5,0.5,0.5,0.5,x,,,
787,20200220mouse6_OD_L_4_90_0000026_Structure_0001 RA53.TIFF,2,2,2,2,x,,,
788,20200220mouse9_OD_L_4_90_0000026_Structure_0001 RA53.TIFF,1,1,1,1,x,,,
789,20200220mouse10_OD_L_4_90_0000036_Structure_0001 RA53.TIFF,0,0,0,0,0.5,,,lens isn't clear
790,20200303mouse1_OD_L_4_90_0000016_Structure_0001 RA1.TIFF,3,3,4,3,4,,,
791,20200303mouse2_OD_L_4_90_0000026_Structure_0001 RA1.TIFF,0.5,0.5,0.5,0.5,x,,,same image as 213
792,20200303mouse3_OD_L_4_90_0000056_Structure_0001 RA1.TIFF,2,2,2,2,x,,,same image as 214
793,20200303mouse4_OD_L_4_90_0000066_Structure_0001 RA1.TIFF,1,1,1,2,2,,,same image as 215 
794,20200707mouse1_OD_L_4_90_0000036_Structure_0001 RA10H.TIFF,2,2,2,2,x,,,
795,20200707mouse1_OD_L_4_90_0000056_Structure_0001 RA1.TIFF,0.5,0.5,0.5,0.5,x,,,
796,20200707mouse1_OD_L_4_90_0000076_Structure_0001 RA2.TIFF,0.5,0.5,0.5,0.5,x,,,
797,20200707mouse2_OD_L_4_90_0000026_Structure_0001 RA10H.TIFF,2,3,2,2,x,,,
798,20200707mouse2_OD_L_4_90_0000046_Structure_0001 RA1.TIFF,3,3,3,3,x,,,
799,20200707mouse2_OD_L_4_90_0000066_Structure_0001 RA2.TIFF,2,2,2,2,x,,,
800,20200707mouse6_OD_L_4_90_0000046_Structure_0001 RA1.TIFF,3,3,3,3,x,,,
801,20200707mouse7_OD_L_4_90_0000056_Structure_0001 RA1.TIFF,3,3,3,3,x,,,
802,20200707mouse7_OD_L_4_90_0000076_Structure_0001 RA2.TIFF,3,3,3,3,x,,,
803,20200707mouse8_OD_L_4_90_0000026_Structure_0001 RA10H.TIFF,2,1,2,2,x,,,
804,20200707mouse8_OD_L_4_90_0000046_Structure_0001 RA1.TIFF,2,0,0,0.5,2,x,0,hypopyon?
805,20200707mouse10_OD_L_4_90_0000046_Structure_0001 RA1.TIFF,2,2,2,2,x,,,
806,20200714mouse1_OD_L_4_90_0000063_Structure_0001 RA1.TIFF,0,0,0,0,x,,,
807,20200714mouse1_OD_L_4_90_0000103_Structure_0001 RA2.TIFF,1,1,1,1,x,,,
808,20200714mouse2_OD_L_4_90_0000056_Structure_0001 RA1.TIFF,1,2,1,1,x,,,
809,20200714mouse2_OD_L_4_90_0000083_Structure_0001 RA2.TIFF,0.5,0.5,0.5,0.5,x,,,
810,20200714mouse3_OD_L_4_90_0000066_Structure_0001 RA2.TIFF,3,3,3,3,x,,,
811,20200714mouse6_OD_L_4_90_0000046_Structure_0001 RA1.TIFF,0.5,0.5,0.5,0,x,,,
812,20200714mouse6_OD_L_4_90_0000066_Structure_0001 RA2.TIFF,0.5,0.5,0.5,0,x,,,
813,20200714mouse7_OD_L_4_90_0000056_Structure_0001 RA1.TIFF,0.5,0,0.5,0.5,x,,,
814,20200714mouse7_OD_L_4_90_0000076_Structure_0001 RA2.TIFF,0.5,0.5,0.5,0.5,x,,,
815,20200714mouse8_OD_L_4_90_0000056_Structure_0001 RA1.TIFF,0.5,0.5,0.5,0.5,x,,,
816,20200714mouse8_OD_L_4_90_0000066_Structure_0001 RA2.TIFF,0.5,0.5,0.5,0.5,x,,,
817,20200714mouse10_OD_L_4_90_0000056_Structure_0001 RA1.TIFF,2,2,2,2,x,,,
818,20200714mouse10_OD_L_4_90_0000066_Structure_0001 RA2.TIFF,0.5,0.5,0.5,0,x,,,
819,20200729mouse1_OD_L_4_90_0000056_Structure_0001 RA3.TIFF,1,1,2,1,x,,,
820,20200729mouse1_OD_L_4_90_0000096_Structure_0001 RA6.TIFF,0,0,0,0.5,0.5,,,
821,20200729mouse1_OD_L_4_90_0000116_Structure_0001 RA7.TIFF,0.5,0.5,0.5,0.5,x,,,
822,20200729mouse1_OD_L_4_90_0000136_Structure_0001 RA14.TIFF,0.5,0.5,0,0.5,x,,,
823,20200729mouse1_OD_L_4_90_0000156_Structure_0001 RA21.TIFF,1,1,1,1,x,,,
824,20200729mouse1_OD_L_4_90_0000176_Structure_0001 RA28.TIFF,0,0,0,0,x,,,
825,20200729mouse2_OD_L_4_90_0000046_Structure_0001 RA3.TIFF,2,2,2,1,x,,,
826,20200729mouse2_OD_L_4_90_0000096_Structure_0001 RA6.TIFF,0.5,0,0.5,0.5,x,,,
827,20200729mouse2_OD_L_4_90_0000106_Structure_0001 RA7.TIFF,0,0,0,0.5,x,,,
828,20200729mouse3_OD_L_4_90_0000056_Structure_0001 RA3.TIFF,2,2,2,1,x,,,
829,20200729mouse3_OD_L_4_90_0000086_Structure_0001 RA6.TIFF,0,0,0,0,x,,,
830,20200729mouse3_OD_L_4_90_0000120_Structure_0001 RA7.TIFF,0,0,0,0,x,,,
831,20200729mouse3_OD_L_4_90_0000160_Structure_0001 RA 21.TIFF,0,0,0,0.5,x,,,
832,20200729mouse3_OD_L_4_90_0000180_Structure_0001 RA28.TIFF,0,0,0,0.5,x,,,
833,20190404mouse2F_OD_L_4_90_0000086_Structure_0001 RA28.TIFF,0,2,2,0.5,0,x,2,misnamed? no way we all missed this
834,20200224mouse2_OD_L_4_90_0000066_Structure_0001 RA1.TIFF,2,2,2,2,x,,,
835,20200224mouse2_OD_L_4_90_0000106_Structure_0001 RA2.TIFF,2,2,2,2,x,,,
836,20200224mouse1_OD_L_4_90_0000096_Structure_0001 RA1.TIFF,2,2,2,2,x,,,
837,20200224mouse1_OD_L_4_90_0000136_Structure_0001 RA2.TIFF,1,1,1,1,x,,,
838,20200224mouse3_OD_L_4_90_0000096_Structure_0001 RA1.TIFF,0.5,0.5,0.5,0.5,x,,,
839,20200224mouse3_OD_L_4_90_0000136_Structure_0001 RA2.TIFF,0.5,0.5,0.5,0.5,x,,,
840,20200224mouse4_OD_L_4_90_0000082_Structure_0001 RA1.TIFF,4,4,4,4,x,,,"duplicate image in ""Unwanted files"" folder "
841,20200224mouse4_OD_L_4_90_0000098_Structure_0001 RA2.TIFF,4,4,4,4,x,,,
842,20200224mouse5_OD_L_4_90_0000070_Structure_0001 RA1.TIFF,4,4,4,4,x,,,"duplicate image in ""Unwanted files"" folder "
843,20200224mouse5_OD_L_4_90_0000090_Structure_0001 RA2.TIFF,4,4,4,4,x,,,
844,20200224mouse1_OD_L_4_90_0000066_Structure_0001 RA10H.TIFF,2,2,2,2,x,,,
845,20200224mouse2_OD_L_4_90_0000016_Structure_0001 RA10H.TIFF,2,2,2,2,x,,,
846,20200224mouse3_OD_L_4_90_0000076_Structure_0001 RA10H.TIFF,1,1,1,1,x,,,
847,20200224mouse4_OD_L_4_90_0000052_Structure_0001 RA10H.TIFF,2,2,2,2,3,,,
848,20190404mouse2F_OD_L_4_90_0000006_Structure_0001 ra1.TIFF,3,3,3,4,x,,,
849,20190404mouse2F_OD_L_4_90_0000056_Structure_0001 ra7.TIFF,1,1,1,3,2,,,
850,20190402mouse3_OD_L_4_90_0000056_Structure_0001 ra7.TIFF,3,3,3,3,x,,,
851,20190402mouse4_OD_L_4_90_0000026_Structure_0001 ra1.TIFF,0,2,2,3,0,x,2,misnamed? no way we all missed this
852,20200609mouse6_OD_L_4_90_0000006_Structure_0001 RA1.TIFF,1,1,1,1,x,,,
853,20200609mouse8_OD_L_4_90_0000006_Structure_0001 RA1.TIFF,2,2,3,2,x,,,
854,20200609mouse9_OD_L_4_90_0000016_Structure_0001 RA1.TIFF,2,2,0,2,x,,,
855,20200609mouse12_OD_L_4_90_0000006_Structure_0001 RA1.TIFF,0,0,0,0,x,,,
856,20200609mouse15_OD_L_4_90_0000016_Structure_0001 RA1.TIFF,3,3,4,3,x,,,
857,20200609mouse16_OD_L_4_90_0000006_Structure_0001 RA1.TIFF,2,2,2,2,x,,,
858,20200729mouse7_OD_L_4_90_0000026_Structure_0001 ra2.TIFF,1,1,1,1,x,,,
859,20200729mouse1_OD_L_4_90_0000016_Structure_0001 ra1.TIFF,2,2,2,2,x,,,
860,20200729mouse1_OD_L_4_90_0000036_Structure_0001 ra2.TIFF,2,2,2,2,x,,,
861,20200729mouse2_OD_L_4_90_0000026_Structure_0001 ra2.TIFF,3,3,3,3,x,,,
862,20200729mouse3_OD_L_4_90_0000026_Structure_0001 ra2.TIFF,2,2,2,1,x,,,
863,20190806mouse4_OD_L_4_90_0000106_Structure_0001 RA14.TIFF,0.5,0,0.5,0.5,0,,,
864,20190806mouse9_OD_L_4_90_0000026_Structure_0001 RA2.TIFF,2,2,2,2,x,,,
865,20190806mouse9_OD_L_4_90_0000126_Structure_0001 RA28.TIFF,0.5,0.5,1,0.5,x,,,
866,20200207mouse3_OD_L_4_90_0000006_Structure_0001 RA1.TIFF,2,2,2,1,x,,,
